1337299200000,42.05,45.0,38.0,38.23,573576400
1337558400000,36.53,36.66,33.0,34.03,168192700
1337644800000,32.61,33.59,30.94,31.0,101786600
1337731200000,31.37,32.5,31.36,32.0,73600000
1337817600000,32.95,33.21,31.77,33.03,50237200
1337904000000,32.9,32.95,31.11,31.91,37149800
1338249600000,31.48,31.69,28.65,28.84,78063400
1338336000000,28.7,29.55,27.86,28.19,57267900
1338422400000,28.55,29.67,26.83,29.6,111639200
1338508800000,28.89,29.15,27.39,27.72,41855500
1338768000000,27.2,27.65,26.44,26.9,35230300
1338854400000,26.7,27.76,25.75,25.87,42473400
1338940800000,26.07,27.17,25.52,26.81,61489200
1339027200000,27.0,27.35,26.15,26.31,26159500
1339113600000,26.55,27.76,26.44,27.1,38034000
1339372800000,27.18,28.07,26.84,27.01,28219600
1339459200000,27.48,27.77,26.96,27.4,15816800
1339545600000,27.66,28.1,27.1,27.27,17102800
1339632000000,27.65,28.32,27.38,28.29,16855000
1339718400000,28.51,30.1,28.35,30.01,43563800
1339977600000,29.96,32.08,29.41,31.41,42978900
1340064000000,31.54,32.18,30.7,31.91,30849000
1340150400000,31.92,31.93,31.15,31.6,15553600
1340236800000,31.67,32.5,31.51,31.84,21875300
1340323200000,32.41,33.45,32.06,33.05,74834000
1340582400000,32.86,33.02,31.55,32.06,24352900
1340668800000,32.69,33.44,32.5,33.1,24858700
1340755200000,32.46,32.9,31.9,32.23,28568000
1340841600000,31.96,32.19,30.9,31.36,17713300
1340928000000,31.92,31.99,30.76,31.1,19526900
1341187200000,31.25,31.73,30.55,30.77,14122000
1341273600000,30.91,31.44,30.8,31.2,8763600
1341446400000,31.32,31.63,31.02,31.47,10032100
1341532800000,31.44,31.9,31.26,31.73,10945600
1341792000000,32.1,32.88,31.99,32.17,17785200
1341878400000,32.43,32.48,31.16,31.47,14269500
1341964800000,31.48,31.56,30.55,30.97,13030300
1342051200000,30.7,31.4,30.6,30.81,11300700
1342137600000,31.04,31.07,30.56,30.72,8108300
1342396800000,30.5,30.5,28.21,28.25,24672100
1342483200000,28.48,28.59,27.15,28.09,30438600
1342569600000,28.31,29.29,28.15,29.11,16841800
1342656000000,29.41,29.5,28.63,29.0,13685100
1342742400000,29.0,29.47,28.72,28.76,11869100
1343001600000,28.12,29.0,28.01,28.75,12390700
1343088000000,28.82,29.45,28.1,28.45,11539800
1343174400000,28.39,29.49,28.08,29.34,17230200
1343260800000,27.75,28.23,26.73,26.85,64597400
1343347200000,23.19,24.54,22.28,23.71,123102300
1343606400000,24.0,24.04,23.03,23.15,29285900
1343692800000,23.37,23.37,21.61,21.71,56179400
1343779200000,21.5,21.58,20.84,20.88,44604400
1343865600000,20.77,20.84,19.82,20.04,56374500
1343952000000,20.36,22.16,19.9,21.09,80647000
1344211200000,21.39,22.15,21.3,21.92,27778900
1344297600000,22.2,22.45,20.5,20.72,36782900
1344384000000,20.71,21.15,20.22,20.72,29537400
1344470400000,20.75,21.17,20.61,21.01,15610700
1344556800000,21.41,21.82,21.13,21.81,25794700
1344816000000,22.15,22.45,21.4,21.6,24973100
1344902400000,21.41,21.6,20.25,20.38,39308800
1344988800000,20.64,21.41,20.4,21.2,47861100
1345075200000,20.44,20.48,19.69,19.87,157565300
1345161600000,20.01,20.08,19.0,19.05,129293400
1345420800000,19.05,20.13,18.75,20.01,101186600
1345507200000,19.58,19.98,19.09,19.16,70640600
1345593600000,19.36,19.53,18.96,19.44,49892200
1345680000000,19.5,19.73,19.36,19.44,32813700
1345766400000,19.52,19.68,19.25,19.41,29622200
1346025600000,19.49,19.53,19.1,19.15,20704000
1346112000000,19.1,19.38,18.95,19.34,25417000
1346198400000,19.32,19.38,19.07,19.1,16124700
1346284800000,19.27,19.45,19.06,19.09,30647500
1346371200000,18.68,18.7,18.03,18.06,58764200
1346716800000,18.08,18.27,17.55,17.73,46622400
1346803200000,18.27,18.75,18.18,18.58,60781800
1346889600000,18.74,19.26,18.72,18.96,46066500
1346976000000,19.1,19.42,18.78,18.98,36371700
1347235200000,19.06,19.2,18.55,18.81,24797800
1347321600000,18.92,19.58,18.85,19.43,50508200
1347408000000,20.76,21.16,20.28,20.93,121584000
1347494400000,20.96,21.48,20.61,20.71,65041600
1347580800000,21.13,22.08,20.9,22.0,72819800
1347840000000,22.67,22.75,21.5,21.52,50667600
1347926400000,21.6,21.98,21.37,21.87,36760500
1348012800000,21.99,23.37,21.77,23.29,78782800
1348099200000,23.02,23.24,22.54,22.59,57248900
1348185600000,22.97,23.24,22.6,22.86,51218100
1348444800000,21.78,21.98,20.36,20.79,79106500
1348531200000,21.2,21.21,20.22,20.28,46291700
1348617600000,20.15,20.78,19.8,20.62,38271900
1348704000000,20.99,21.0,20.16,20.32,30215900
1348790400000,20.57,21.95,20.5,21.66,65486000
1349049600000,22.08,22.59,21.73,21.99,51262700
1349136000000,22.08,22.49,21.82,22.27,29341400
1349222400000,22.3,22.49,21.8,21.83,32000100
1349308800000,22.32,22.4,21.41,21.95,46892100
1349395200000,21.49,21.63,20.88,20.91,40529300
1349654400000,20.4,20.75,20.16,20.4,32236700
1349740800000,20.39,20.55,19.97,20.23,27161800
1349827200000,19.93,19.94,19.45,19.64,39321800
1349913600000,19.88,19.96,19.61,19.75,21817300
1350000000000,19.75,19.8,19.48,19.52,18809400
1350259200000,19.68,19.88,19.49,19.52,20189700
1350345600000,19.68,19.69,19.3,19.48,21834700
1350432000000,19.5,20.48,19.37,19.88,44074500
1350518400000,19.7,19.79,18.89,18.98,52157400
1350604800000,19.0,19.06,18.8,19.0,34835000
1350864000000,19.2,19.43,19.05,19.32,32447300
1350950400000,19.25,19.8,19.1,19.5,78381200
1351036800000,24.13,24.25,22.85,23.23,228949900
1351123200000,23.29,23.31,22.47,22.56,76142000
1351209600000,22.4,22.88,21.88,21.94,73175800
1351641600000,20.82,21.5,20.73,21.11,99378200
1351728000000,21.08,21.44,21.01,21.21,37713900
1351814400000,21.26,21.69,21.07,21.18,38344400
1352073600000,21.1,21.48,20.92,21.25,31806700
1352160000000,21.24,21.37,20.99,21.17,29062700
1352246400000,20.85,20.95,20.37,20.47,33396800
1352332800000,20.52,20.73,19.98,19.99,34254600
1352419200000,19.96,20.0,19.13,19.21,42295500
1352678400000,19.15,20.17,18.87,20.07,67349200
1352764800000,19.61,20.11,19.56,19.86,71775100
1352851200000,20.1,22.5,19.93,22.36,229751000
1352937600000,22.34,22.5,21.65,22.17,78857700
1353024000000,22.25,23.93,22.18,23.56,107182200
1353283200000,23.96,24.12,22.82,22.92,85021300
1353369600000,22.73,23.9,22.7,23.1,46655300
1353456000000,23.22,24.53,23.05,24.32,89862400
1353628800000,24.58,24.68,23.88,24.0,29520900
1353888000000,24.94,26.09,24.81,25.94,123865000
1353974400000,26.04,26.5,25.46,26.15,85760600
1354060800000,25.94,26.49,25.75,26.36,49205600
1354147200000,26.5,27.52,26.16,27.32,88759700
1354233600000,27.26,28.0,26.76,28.0,127049600
1354492800000,28.0,28.88,26.98,27.04,123526100
1354579200000,27.06,27.76,26.68,27.46,72869200
1354665600000,27.75,27.9,27.26,27.71,58976300
1354752000000,27.68,27.75,26.82,26.97,46001500
1354838400000,27.07,27.78,26.84,27.49,51751900
1355097600000,27.17,28.17,27.1,27.84,50608500
1355184000000,28.07,28.24,27.66,27.98,77099100
1355270400000,28.0,28.14,27.37,27.58,46704200
1355356800000,27.59,28.75,27.43,28.24,81051600
1355443200000,28.18,28.33,26.76,26.81,91631600
1355702400000,26.77,27.0,26.32,26.75,57742500
1355788800000,26.96,27.91,26.9,27.71,60512900
1355875200000,27.83,28.22,26.95,27.41,61390300
1355961600000,27.49,27.6,27.13,27.36,35574800
1356048000000,26.66,27.01,26.12,26.26,54555200
1356307200000,26.5,26.96,26.2,26.93,28230100
1356480000000,27.03,27.18,26.38,26.51,33175400
1356566400000,26.55,26.8,25.52,26.05,43481700
1356652800000,25.48,26.11,25.15,25.91,56574800
1356912000000,26.2,26.99,26.11,26.62,60374500
1357084800000,27.44,28.18,27.42,28.0,69846400
1357171200000,27.88,28.47,27.59,27.77,63140600
1357257600000,28.01,28.93,27.83,28.76,72715400
1357516800000,28.69,29.79,28.65,29.42,83781800
1357603200000,29.51,29.6,28.86,29.06,45871300
1357689600000,29.67,30.6,29.49,30.59,104787700
1357776000000,30.6,31.45,30.28,31.3,95316400
1357862400000,31.28,31.96,31.1,31.72,89598000
1358121600000,32.08,32.21,30.62,30.95,98892800
1358208000000,30.64,31.71,29.88,30.1,173242600
1358294400000,30.21,30.35,29.53,29.85,75332700
1358380800000,30.08,30.42,30.03,30.14,40256700
1358467200000,30.31,30.44,29.27,29.66,49631500
1358812800000,29.75,30.89,29.74,30.73,55243300
1358899200000,31.1,31.5,30.8,30.82,48899800
1358985600000,31.27,31.49,30.81,31.08,43845100
1359072000000,31.41,31.93,31.13,31.54,54363600
1359331200000,31.88,32.51,31.81,32.47,59682500
1359417600000,32.0,32.07,30.71,30.79,72976500
1359504000000,30.98,31.49,30.88,31.24,87682100
1359590400000,29.15,31.47,28.74,30.98,190744900
1359676800000,31.01,31.02,29.63,29.73,85856700
1359936000000,29.06,29.2,28.01,28.11,92362200
1360022400000,28.26,28.96,28.04,28.64,47948200
1360108800000,28.74,29.29,28.66,29.05,38375900
1360195200000,29.11,29.15,28.27,28.65,34540100
1360281600000,28.89,29.17,28.51,28.55,37708800
1360540800000,28.61,28.68,28.04,28.26,37361800
1360627200000,27.67,28.16,27.1,27.37,93498700
1360713600000,27.36,28.32,27.31,27.91,50164000
1360800000000,28.02,28.63,28.01,28.5,35615800
1360886400000,28.52,28.75,28.09,28.32,33109300
1361232000000,28.23,29.08,28.12,28.93,49396400
1361318400000,28.92,29.05,28.33,28.46,42098200
1361404800000,28.28,28.55,27.15,27.28,49642300
1361491200000,27.62,27.63,26.82,27.13,36350200
1361750400000,27.16,27.64,27.15,27.27,34652000
1361836800000,27.36,27.46,26.7,27.39,31611700
1361923200000,27.34,27.34,26.63,26.87,44319700
1362009600000,26.84,27.3,26.34,27.25,83027800
1362096000000,27.05,28.12,26.81,27.78,54064800
1362355200000,27.76,28.06,27.44,27.72,32400700
1362441600000,27.88,28.18,27.21,27.52,40622200
1362528000000,28.1,28.13,27.35,27.45,33532600
1362614400000,27.57,28.68,27.47,28.58,74540200
1362700800000,28.43,28.47,27.73,27.96,44198900
1362960000000,28.01,28.64,27.83,28.14,35642100
1363046400000,28.1,28.32,27.6,27.83,27569600
1363132800000,27.62,27.65,26.92,27.08,39619500
1363219200000,27.1,27.43,26.83,27.04,27646400
1363305600000,27.03,27.06,26.56,26.65,31597400
1363564800000,26.37,26.79,25.78,26.49,26653700
1363651200000,26.53,26.9,26.21,26.55,25254200
1363737600000,26.68,26.69,25.78,25.86,44006500
1363824000000,25.66,26.11,25.56,25.74,24336100
1363910400000,25.8,26.01,25.63,25.73,18456300
1364169600000,25.75,25.8,25.08,25.13,39199000
1364256000000,25.08,25.48,25.03,25.21,26957200
1364342400000,25.0,26.28,24.72,26.09,52297400
1364428800000,26.09,26.17,25.52,25.58,28585700
1364774400000,25.63,25.89,25.28,25.53,22249300
1364860800000,25.77,26.12,25.3,25.42,35153300
1364947200000,25.83,26.39,25.7,26.25,48195200
1365033600000,26.62,27.23,26.11,27.07,82016800
1365120000000,26.86,27.8,26.61,27.39,64566600
1365379200000,27.19,27.2,26.63,26.85,27256000
1365465600000,26.58,26.89,26.42,26.59,21311100
1365552000000,27.01,27.84,26.9,27.57,45949400
1365638400000,27.48,28.1,27.25,28.02,33368500
1365724800000,28.0,28.0,27.24,27.4,28697400
1365984000000,27.16,27.48,26.36,26.52,30275400
1366070400000,26.81,27.11,26.4,26.92,27365900
1366156800000,26.65,27.2,26.39,26.63,26440600
1366243200000,26.82,26.82,25.15,25.69,39059000
1366329600000,25.62,25.96,25.33,25.73,20380900
1366588800000,25.81,26.36,25.7,25.97,25687600
1366675200000,26.22,26.33,25.77,25.98,25191500
1366761600000,25.93,26.4,25.8,26.11,19729900
1366848000000,26.07,26.4,26.0,26.14,17150000
1366934400000,26.6,27.62,26.6,26.85,33018000
1367193600000,27.16,27.41,26.86,26.98,29201100
1367280000000,27.13,27.85,27.01,27.77,36245700
1367366400000,27.85,27.92,27.31,27.43,64567600
1367452800000,28.01,29.02,27.98,28.97,104257000
1367539200000,29.04,29.07,28.15,28.31,58506400
1367798400000,28.33,28.46,27.48,27.57,43939400
1367884800000,27.55,27.85,26.85,26.89,41259100
1367971200000,26.88,27.3,26.65,27.12,34654900
1368057600000,27.08,27.55,26.85,27.04,33457200
1368144000000,27.14,27.3,26.57,26.68,30847100
1368403200000,26.6,27.33,26.53,26.82,29068800
1368489600000,26.89,27.28,26.82,27.07,24930300
1368576000000,26.92,26.99,26.4,26.6,30299800
1368662400000,26.48,26.55,25.9,26.13,35499100
1368748800000,26.4,26.6,26.2,26.25,29462700
1369008000000,26.18,26.19,25.69,25.76,42402900
1369094400000,25.87,26.08,25.59,25.66,26261300
1369180800000,25.65,25.85,24.92,25.16,45314500
1369267200000,24.8,25.53,24.77,25.06,37663100
1369353600000,24.97,24.97,24.08,24.31,58727900
1369699200000,24.54,24.54,23.92,24.1,50079700
1369785600000,23.79,23.81,23.26,23.32,64237800
1369872000000,24.13,24.78,23.93,24.55,60733200
1369958400000,24.63,24.95,24.27,24.35,35925000
1370217600000,24.27,24.32,23.71,23.85,35733800
1370304000000,23.89,23.93,23.32,23.52,34760800
1370390400000,23.35,23.71,22.79,22.9,53819700
1370476800000,22.99,23.09,22.67,22.97,31260700
1370563200000,23.03,23.4,22.86,23.29,38699200
1370822400000,24.06,24.6,23.99,24.33,58393000
1370908800000,24.03,24.35,24.0,24.03,29885900
1370995200000,24.16,24.26,23.58,23.77,26445800
1371081600000,23.72,23.83,23.27,23.73,31189300
1371168000000,23.56,23.89,23.26,23.63,30677100
1371427200000,23.91,24.25,23.75,24.02,33664500
1371513600000,24.09,24.69,24.08,24.21,36709100
1371600000000,24.2,25.19,24.1,24.31,31790600
1371686400000,24.28,24.75,23.65,23.9,42765600
1371772800000,24.59,24.7,24.05,24.53,45833900
1372032000000,23.95,24.11,23.38,23.94,40626000
1372118400000,24.14,24.43,24.04,24.25,24713200
1372204800000,24.51,24.65,23.99,24.16,29890300
1372291200000,24.24,24.84,24.21,24.66,34694100
1372377600000,24.68,24.98,24.42,24.88,96778900
1372636800000,24.97,25.06,24.62,24.81,20582200
1372723200000,24.7,24.77,24.3,24.41,18394100
1372809600000,24.22,24.71,24.15,24.52,10404400
1372982400000,24.65,24.66,24.2,24.37,20229500
1373241600000,24.47,25.04,24.42,24.71,27064600
1373328000000,25.07,25.49,25.03,25.48,30387900
1373414400000,25.58,25.83,25.47,25.8,26721800
1373500800000,25.96,26.0,25.45,25.81,26777400
1373587200000,25.74,25.93,25.55,25.91,16537900
1373846400000,25.93,26.43,25.65,26.28,24234000
1373932800000,26.39,26.75,26.01,26.32,30817600
1374019200000,26.37,26.78,26.3,26.65,21518500
1374105600000,26.75,26.77,26.12,26.18,24806900
1374192000000,25.82,26.11,25.6,25.88,46539700
1374451200000,25.99,26.13,25.72,26.05,27526300
1374537600000,26.1,26.3,25.97,26.13,28221600
1374624000000,26.32,26.53,26.05,26.51,82635600
1374710400000,33.54,34.88,32.75,34.36,365457900
1374796800000,33.77,34.73,33.56,34.01,136028900
1375056000000,34.07,35.63,34.01,35.43,124718800
1375142400000,35.65,37.96,35.32,37.63,173582800
1375228800000,37.96,38.31,36.33,36.8,154828700
1375315200000,37.3,38.29,36.92,37.49,106066500
1375401600000,37.66,38.49,37.5,38.05,73058500
1375660800000,38.43,39.32,38.25,39.19,79994800
1375747200000,39.11,39.25,37.94,38.55,63950800
1375833600000,38.61,38.94,37.7,38.87,68854800
1375920000000,39.13,39.19,38.43,38.54,41301000
1376006400000,38.59,38.74,38.01,38.5,43532300
1376265600000,38.2,38.5,38.1,38.22,31161000
1376352000000,38.24,38.32,36.77,37.02,65379200
1376438400000,36.83,37.55,36.62,36.65,48423900
1376524800000,36.36,37.07,36.02,36.56,56521100
1376611200000,36.97,37.49,36.9,37.08,45840800
1376870400000,37.43,38.28,37.14,37.81,57609600
1376956800000,38.35,38.58,37.69,38.41,57995200
1377043200000,38.38,38.85,38.15,38.32,46116900
1377129600000,38.37,38.75,38.34,38.55,21931200
1377216000000,39.0,40.63,38.93,40.55,86442300
1377475200000,40.9,41.94,40.62,41.34,94162400
1377561600000,40.68,41.2,39.42,39.64,72695100
1377648000000,39.96,40.85,39.88,40.55,57918200
1377734400000,40.89,41.78,40.8,41.28,58303400
1377820800000,42.02,42.26,41.06,41.29,67735100
1378166400000,41.84,42.16,41.51,41.87,48774900
1378252800000,42.01,42.17,41.44,41.78,42581900
1378339200000,41.79,42.77,41.77,42.66,50035400
1378425600000,43.09,44.61,42.4,43.95,117535700
1378684800000,44.36,44.79,43.7,44.04,75794700
1378771200000,44.24,44.26,43.23,43.6,54540300
1378857600000,43.39,45.09,43.11,45.04,72328300
1378944000000,45.53,45.62,44.65,44.75,68072300
1379030400000,45.04,45.08,43.93,44.31,52765300
1379289600000,44.85,44.94,42.43,42.51,70424200
1379376000000,42.5,45.44,42.43,45.07,91934600
1379462400000,44.84,45.47,44.4,45.23,79317000
1379548800000,45.51,46.05,45.23,45.98,63972400
1379635200000,46.32,47.6,45.74,47.49,115508400
1379894400000,47.28,47.55,46.29,47.19,75177000
1379980800000,48.51,49.66,48.16,48.45,136716100
1380067200000,49.23,49.54,48.46,49.46,87879700
1380153600000,50.01,50.6,49.5,50.39,98220100
1380240000000,50.29,51.28,49.86,51.24,81410500
1380499200000,50.14,51.6,49.8,50.23,100095000
1380585600000,49.97,51.03,49.45,50.42,98114000
1380672000000,50.13,51.1,49.95,50.28,62834000
1380758400000,50.47,50.72,49.06,49.18,82045000
1380844800000,49.77,51.16,49.57,51.04,74447000
1381104000000,50.73,51.29,50.4,50.52,57204000
1381190400000,50.6,50.6,47.08,47.14,136081000
1381276800000,47.38,47.84,45.26,46.77,147297000
1381363200000,47.87,49.68,47.83,49.05,99774000
1381449600000,49.18,49.87,48.79,49.11,58428000
1381708800000,48.31,49.63,47.91,49.51,68781000
1381795200000,49.99,51.0,49.18,49.5,81167000
1381881600000,50.04,51.24,49.9,51.14,64678000
1381968000000,51.12,52.22,50.95,52.21,71522000
1382054400000,54.18,54.83,53.6,54.22,88260000
1382313600000,54.68,54.81,53.51,53.85,58235000
1382400000000,54.33,54.76,52.2,52.68,83204000
1382486400000,51.75,52.25,51.13,51.9,57207000
1382572800000,52.38,52.84,51.59,52.45,46775000
1382659200000,53.18,53.24,51.88,51.95,45085000
1382918400000,51.54,51.7,49.61,50.23,73472000
1383004800000,50.73,50.79,49.25,49.4,102143000
1383091200000,50.0,50.21,48.75,49.01,127073000
1383177600000,47.16,52.0,46.5,50.21,248809000
1383264000000,50.85,52.09,49.72,49.75,95033000
1383523200000,49.37,49.75,48.02,48.22,80371000
1383609600000,47.79,50.18,47.51,50.11,76835000
1383696000000,50.26,50.45,48.71,49.12,67889000
1383782400000,49.24,49.87,47.3,47.56,97128000
1383868800000,47.81,48.65,47.25,47.53,70731000
1384128000000,47.04,47.53,45.73,46.2,80910000
1384214400000,46.0,47.37,45.83,46.61,68196000
1384300800000,46.23,48.74,46.06,48.71,79245000
1384387200000,48.7,49.57,48.03,48.99,75117000
1384473600000,49.11,49.48,48.71,49.01,42453000
1384732800000,48.47,48.84,45.8,45.83,85910000
1384819200000,46.26,47.0,45.72,46.36,75602000
1384905600000,46.61,47.55,46.31,46.43,53933000
1384992000000,46.99,47.46,46.69,46.7,34886000
1385078400000,47.04,47.27,45.96,46.23,40545000
1385337600000,46.36,46.65,44.04,44.82,82565000
1385424000000,44.66,46.17,43.55,45.89,82016000
1385510400000,45.97,46.67,45.53,46.49,44993000
1385683200000,46.75,47.21,46.5,47.01,22953900
1385942400000,46.9,47.54,46.26,47.06,50774000
1386028800000,46.75,47.2,46.29,46.73,32086000
1386115200000,46.46,48.77,46.26,48.62,60890000
1386201600000,48.15,48.7,47.87,48.34,43855000
1386288000000,48.98,49.39,47.71,47.94,42938000
1386547200000,48.09,48.97,47.74,48.84,36056000
1386633600000,48.64,50.77,48.54,50.25,68479000
1386720000000,50.55,50.77,49.01,49.38,65776000
1386806400000,51.05,52.07,50.66,51.83,92723000
1386892800000,51.66,53.5,51.34,53.32,82641000
1387152000000,53.25,54.5,52.91,53.81,85119000
1387238400000,54.76,55.18,54.24,54.86,78751000
1387324800000,54.86,55.89,53.75,55.57,76003000
1387411200000,54.33,55.19,53.95,55.05,89753200
1387497600000,54.93,55.15,54.23,55.12,239824000
1387756800000,55.5,58.32,55.45,57.77,98297000
1387843200000,58.27,58.58,56.91,57.96,46617800
1388016000000,58.32,58.38,57.37,57.73,55101000
1388102400000,57.48,57.68,55.25,55.44,60466000
1388361600000,54.93,55.18,53.43,53.71,68307000
1388448000000,54.12,54.86,53.91,54.65,43076200
1388620800000,54.83,55.22,54.19,54.71,43195500
1388707200000,55.02,55.65,54.53,54.56,38246200
1388966400000,54.42,57.26,54.05,57.2,68852600
1389052800000,57.7,58.55,57.22,57.92,77207400
1389139200000,57.6,58.41,57.23,58.23,56682400
1389225600000,58.65,58.96,56.65,57.22,92253300
1389312000000,57.13,58.3,57.06,57.94,42449500
1389571200000,57.91,58.25,55.38,55.91,63010900
1389657600000,56.46,57.78,56.1,57.74,37503600
1389744000000,57.98,58.57,57.27,57.6,33663400
1389830400000,57.26,58.02,56.83,57.19,34541800
1389916800000,57.3,57.82,56.07,56.3,40849200
1390262400000,56.6,58.58,56.5,58.51,48669200
1390348800000,58.85,59.31,57.1,57.51,61352900
1390435200000,56.37,56.68,55.69,56.63,47951800
1390521600000,56.15,56.42,54.4,54.45,55200700
1390780800000,54.73,54.94,51.85,53.55,73924100
1390867200000,54.02,55.28,54.0,55.14,48191200
1390953600000,54.61,54.95,53.19,53.53,92995600
1391040000000,62.12,62.5,60.46,61.08,150178900
1391126400000,60.47,63.37,60.17,62.57,87794600
1391385600000,63.03,63.77,60.7,61.48,74866600
1391472000000,62.05,63.14,61.82,62.75,45985500
1391558400000,62.74,63.16,61.27,62.19,51685100
1391644800000,61.46,62.78,61.46,62.16,42086500
1391731200000,62.27,64.57,62.22,64.32,60704300
1391990400000,64.3,64.49,63.47,63.55,43666100
1392076800000,63.75,65.0,63.35,64.85,45675600
1392163200000,64.92,65.06,64.05,64.45,47282100
1392249600000,64.18,67.33,64.05,67.33,61911700
1392336000000,67.5,67.58,66.72,67.09,36694900
1392681600000,66.94,67.54,66.07,67.3,43809900
1392768000000,67.05,69.08,67.0,68.06,62087100
1392854400000,67.73,70.11,65.73,69.63,130928900
1392940800000,69.69,69.96,68.45,68.59,70932400
1393200000000,68.74,71.44,68.54,70.78,76620300
1393286400000,70.95,71.0,69.45,69.85,52077000
1393372800000,70.19,71.22,68.85,69.26,55322700
1393459200000,69.34,70.01,68.87,68.94,41653700
1393545600000,69.47,69.88,67.38,68.46,66783700
1393804800000,66.96,68.05,66.51,67.41,56824100
1393891200000,68.66,68.9,67.62,68.8,42013500
1393977600000,69.69,71.97,69.62,71.57,74567700
1394064000000,71.88,71.89,70.25,70.84,46026500
1394150400000,71.08,71.18,69.47,69.8,38927000
1394409600000,70.77,72.15,70.51,72.03,59871600
1394496000000,72.5,72.59,69.96,70.1,59408300
1394582400000,69.86,71.35,69.0,70.88,46340500
1394668800000,71.29,71.35,68.15,68.83,57091000
1394755200000,68.49,69.43,67.46,67.72,48227000
1395014400000,68.18,68.95,66.62,68.74,52197000
1395100800000,68.76,69.6,68.3,69.19,40827000
1395187200000,69.17,69.29,67.47,68.24,43981000
1395273600000,68.01,68.23,66.82,66.97,44439000
1395360000000,67.53,67.92,66.18,67.24,59999900
1395619200000,67.19,67.36,63.36,64.1,85696000
1395705600000,64.89,66.19,63.78,64.89,68786000
1395792000000,64.74,64.95,60.37,60.39,97503900
1395878400000,60.51,61.9,57.98,60.97,112650000
1395964800000,61.34,61.95,59.34,60.01,67052000
1396224000000,60.78,61.52,59.87,60.24,53011000
1396310400000,60.46,62.66,60.24,62.62,59291000
1396396800000,63.21,63.91,62.21,62.72,66277000
1396483200000,62.55,63.17,59.13,59.49,83859000
1396569600000,59.94,60.2,56.32,56.75,125214400
1396828800000,55.9,58.0,55.44,56.95,108488000
1396915200000,57.68,58.71,57.17,58.19,78836000
1397001600000,59.63,62.46,59.19,62.41,100215000
1397088000000,63.08,63.18,58.68,59.16,114988000
1397174400000,57.6,60.31,57.31,58.53,91452000
1397433600000,60.09,60.45,57.78,58.89,72325000
1397520000000,59.29,59.68,55.88,59.09,108623000
1397606400000,59.79,60.19,57.74,59.72,78774000
1397692800000,59.3,60.58,58.72,58.94,88040000
1398038400000,59.46,61.24,59.15,61.24,60364000
1398124800000,62.65,63.44,62.22,63.03,60631000
1398211200000,63.45,63.48,61.26,61.36,95908700
1398297600000,63.6,63.65,59.77,60.87,138769000
1398384000000,59.97,60.01,57.57,57.71,92502000
1398643200000,58.05,58.31,54.66,56.14,107758000
1398729600000,56.09,58.28,55.84,58.15,75557000
1398816000000,57.58,59.85,57.16,59.78,76093000
1398902400000,60.43,62.28,60.21,61.15,82429000
1398988800000,61.3,61.89,60.18,60.46,54189000
1399248000000,59.67,61.35,59.18,61.22,46057000
1399334400000,60.98,61.15,58.49,58.53,55901000
1399420800000,58.77,59.3,56.26,57.39,78587000
1399507200000,57.23,58.82,56.5,56.76,61251000
1399593600000,56.85,57.65,56.38,57.24,52584000
1399852800000,57.98,59.9,57.98,59.83,48575000
1399939200000,59.66,60.89,59.51,59.83,48525000
1400025600000,59.53,60.45,58.95,59.23,47429000
1400112000000,59.26,59.38,57.52,57.92,56814000
1400198400000,58.31,58.45,57.31,58.02,47933000
1400457600000,57.89,59.56,57.57,59.21,43034000
1400544000000,59.5,60.19,58.18,58.56,53931000
1400630400000,58.56,60.5,58.25,60.49,58992000
1400716800000,60.94,61.48,60.4,60.52,54200000
1400803200000,60.41,61.45,60.15,61.35,38294000
1401148800000,61.62,63.51,61.57,63.48,55682000
1401235200000,63.39,64.14,62.62,63.51,47795000
1401321600000,63.84,64.3,63.51,63.83,42700000
1401408000000,63.95,64.17,62.56,63.3,45253500
1401667200000,63.23,63.59,62.05,63.08,35996000
1401753600000,62.62,63.42,62.32,62.87,32217000
1401840000000,62.45,63.59,62.07,63.34,36514000
1401926400000,63.66,64.36,62.82,63.19,47352000
1402012800000,63.37,63.48,62.15,62.5,42442000
1402272000000,62.4,63.34,61.79,62.88,37617000
1402358400000,63.53,65.82,63.5,65.77,69338000
1402444800000,65.32,65.8,64.9,65.78,44242000
1402531200000,65.85,66.47,64.06,64.29,55730000
1402617600000,64.7,64.97,63.83,64.5,29419000
1402876800000,64.16,64.88,63.75,64.19,31046000
1402963200000,64.1,64.88,63.93,64.4,27715000
1403049600000,64.49,65.75,64.05,65.6,35570000
1403136000000,65.46,65.58,64.21,64.34,34245000
1403222400000,64.46,64.81,63.35,64.5,46466000
1403481600000,64.32,65.66,64.22,65.37,34560000
1403568000000,65.36,67.17,65.27,65.72,57335000
1403654400000,65.58,67.48,65.57,67.44,44308000
1403740800000,68.0,68.0,66.9,67.13,47714000
1403827200000,67.31,67.7,66.84,67.6,46461000
1404086400000,67.46,67.92,67.13,67.29,27102800
1404172800000,67.58,68.44,67.39,68.06,33243000
1404259200000,68.04,68.3,65.79,66.45,41895000
1404345600000,66.86,67.0,65.76,66.29,25203200
1404691200000,66.3,66.57,65.12,65.29,28745000
1404777600000,65.06,65.56,62.21,62.76,68926000
1404864000000,63.41,65.12,63.15,64.97,51432000
1404950400000,63.31,65.34,63.05,64.87,44422000
1405036800000,65.28,66.59,64.79,66.34,39212000
1405296000000,67.13,68.17,66.9,67.9,38537000
1405382400000,67.96,68.09,66.26,67.17,44213200
1405468800000,67.54,67.94,67.07,67.66,29541600
1405555200000,67.03,67.85,66.04,66.41,38188000
1405641600000,66.8,68.46,66.16,68.42,42456000
1405900800000,68.81,69.96,68.5,69.4,49539000
1405987200000,69.76,69.77,68.61,69.27,40398000
1406073600000,69.74,71.33,69.61,71.29,78435000
1406160000000,75.96,76.74,74.51,74.98,124168000
1406246400000,74.99,75.67,74.66,75.19,45917000
1406505600000,75.17,75.5,73.85,74.92,41725000
1406592000000,74.72,74.92,73.42,73.71,41324000
1406678400000,74.21,75.19,74.13,74.68,36853000
1406764800000,74.0,74.17,72.44,72.65,43992000
1406851200000,72.22,73.22,71.55,72.36,43535000
1407110400000,72.36,73.88,72.36,73.51,30777000
1407196800000,73.2,73.59,72.18,72.69,34986000
1407283200000,72.02,73.72,71.79,72.47,30986000
1407369600000,73.0,74.0,72.7,73.17,38141000
1407456000000,73.4,73.43,72.56,73.06,27202000
1407715200000,73.46,73.91,73.06,73.44,24591000
1407801600000,73.09,73.33,72.22,72.83,27419000
1407888000000,73.12,74.25,73.05,73.77,29266000
1407974400000,73.97,74.38,73.69,74.3,22207000
1408060800000,74.32,74.65,73.0,73.63,38846600
1408320000000,74.0,74.72,73.96,74.59,23974000
1408406400000,74.81,75.58,74.51,75.29,26679000
1408492800000,74.97,75.18,74.62,74.81,22917000
1408579200000,74.92,75.19,74.41,74.57,20102000
1408665600000,74.34,74.73,73.57,74.57,20897000
1408924800000,74.94,75.28,74.79,75.02,19734000
1409011200000,75.0,75.99,74.73,75.96,23993000
1409097600000,75.27,75.49,74.46,74.63,36323000
1409184000000,74.0,74.43,73.73,73.86,21947000
1409270400000,74.3,74.82,74.01,74.82,26241000
1409616000000,75.01,76.7,74.82,76.68,34979000
1409702400000,77.14,77.48,75.6,75.83,32389000
1409788800000,75.89,76.93,75.53,75.95,26676000
1409875200000,76.1,77.38,75.6,77.26,29476000
1410134400000,77.26,78.17,77.01,77.89,28183000
1410220800000,77.59,78.17,76.2,76.67,28882000
1410307200000,76.52,77.95,76.51,77.43,29909000
1410393600000,77.13,78.36,77.05,77.92,32219000
1410480000000,78.02,78.3,77.1,77.48,26676800
1410739200000,77.15,77.25,73.43,74.58,49679000
1410825600000,73.52,76.23,73.07,76.08,37742000
1410912000000,75.96,77.25,75.57,76.43,28693000
1410998400000,76.77,77.33,76.52,77.0,23031000
1411084800000,77.4,78.3,76.44,77.91,76671000
1411344000000,77.0,77.53,75.95,76.8,31961000
1411430400000,76.33,78.63,76.04,78.29,36814000
1411516800000,78.1,78.62,77.51,78.54,30680000
1411603200000,78.6,78.94,77.13,77.22,37533000
1411689600000,77.59,78.84,77.33,78.79,28872000
1411948800000,78.12,79.2,77.91,79.0,34031000
1412035200000,79.35,79.71,78.6,79.04,35899000
1412121600000,78.78,78.82,75.9,76.55,55090000
1412208000000,76.57,77.48,75.64,77.08,36488000
1412294400000,77.76,78.06,77.26,77.44,23340000
1412553600000,77.19,77.89,76.85,77.56,25729000
1412640000000,77.05,77.95,76.24,76.29,25317000
1412726400000,76.18,77.71,75.1,77.52,32976000
1412812800000,77.28,77.76,75.85,75.91,32487000
1412899200000,75.59,76.5,72.76,72.91,52146000
1413158400000,73.23,74.78,72.52,72.99,43938000
1413244800000,74.0,74.18,72.05,73.59,50299000
1413331200000,71.69,73.8,70.32,73.21,61528000
1413417600000,70.79,73.35,70.58,72.63,53529000
1413504000000,74.23,76.0,73.75,75.95,76342000
1413763200000,75.6,77.09,75.38,76.95,34701000
1413849600000,77.56,78.74,77.15,78.69,32252000
1413936000000,78.82,79.85,78.01,78.37,41862000
1414022400000,79.38,80.63,79.01,80.04,35056000
1414108800000,80.2,80.82,79.32,80.67,32248000
1414368000000,80.74,80.8,79.76,80.28,30169000
1414454400000,80.18,81.16,79.57,80.77,74212000
1414540800000,75.45,76.88,74.78,75.86,106120000
1414627200000,75.05,75.35,72.9,74.11,83270000
1414713600000,74.93,75.7,74.45,74.99,44544000
1414972800000,75.47,75.52,73.7,73.88,40727000
1415059200000,74.23,75.77,73.65,75.76,39326000
1415145600000,76.51,76.8,74.42,74.83,35913000
1415232000000,74.89,75.6,74.31,75.26,21383000
1415318400000,75.39,75.86,75.02,75.6,20774000
1415577600000,75.36,75.48,74.61,75.0,21575100
1415664000000,74.95,74.98,74.03,74.61,18715700
1415750400000,74.28,75.14,73.54,74.72,26536600
1415836800000,74.74,75.24,73.64,74.25,26448500
1415923200000,74.27,74.93,74.04,74.88,19476900
1416182400000,74.88,75.66,73.88,74.24,28701200
1416268800000,74.45,74.8,73.9,74.34,20690500
1416355200000,74.01,74.54,73.11,73.33,25441200
1416441600000,72.8,73.99,72.51,73.6,19154900
1416528000000,74.5,74.5,73.5,73.75,23060400
1416787200000,73.54,74.35,73.35,74.01,22103800
1416873600000,74.21,75.74,74.13,75.63,32250200
1416960000000,75.53,77.78,75.51,77.62,32695300
1417132800000,77.67,78.27,77.23,77.7,15992000
1417392000000,77.26,77.31,74.8,75.1,31789900
1417478400000,75.33,75.91,75.04,75.46,16773900
1417564800000,75.38,75.73,74.4,74.88,16689900
1417651200000,74.83,75.55,74.66,75.24,14362800
1417737600000,75.8,76.76,75.36,76.36,24306400
1417996800000,76.18,77.25,75.4,76.52,25733900
1418083200000,75.2,76.93,74.78,76.84,25358600
1418169600000,76.65,77.55,76.07,76.18,32210500
1418256000000,76.52,78.52,76.48,77.73,33462100
1418342400000,77.16,78.88,77.02,77.83,28091600
1418601600000,78.46,78.58,76.56,76.99,29396500
1418688000000,76.19,77.39,74.59,74.69,31554600
1418774400000,75.01,76.41,74.9,76.11,29203900
1418860800000,76.89,78.4,76.51,78.4,34222100
1418947200000,78.75,80.0,78.33,79.88,43335000
1419206400000,80.08,81.89,80.0,81.45,31395800
1419292800000,82.02,82.17,80.4,80.61,19865800
1419379200000,81.03,81.43,80.75,80.77,7685500
1419552000000,81.02,81.28,80.51,80.78,10647400
1419811200000,80.49,80.96,79.71,80.02,14134700
1419897600000,79.85,80.59,79.1,79.22,14370800
1419984000000,79.54,79.8,77.86,78.02,19935400
1420156800000,78.58,78.93,77.7,78.45,18177500
1420416000000,77.98,79.25,76.86,77.19,26452200
1420502400000,77.23,77.59,75.36,76.15,27399300
1420588800000,76.76,77.36,75.82,76.15,22045300
1420675200000,76.74,78.23,76.08,78.18,23961000
1420761600000,78.2,78.62,77.2,77.74,21157000
1421020800000,77.84,78.0,76.21,76.72,19190200
1421107200000,77.23,78.08,75.85,76.45,25179600
1421193600000,76.42,77.2,76.03,76.28,25741000
1421280000000,76.4,76.57,73.54,74.05,34134000
1421366400000,74.04,75.32,73.84,75.18,21791500
1421712000000,75.72,76.31,74.82,76.24,22821600
1421798400000,76.16,77.3,75.85,76.74,25096700
1421884800000,77.17,77.75,76.68,77.65,19519500
1421971200000,77.65,78.19,77.04,77.83,16746500
1422230400000,77.98,78.47,77.29,77.5,19260800
1422316800000,76.71,76.88,75.63,75.78,20110000
1422403200000,76.9,77.64,76.0,76.24,53306400
1422489600000,76.85,78.02,74.21,78.0,61293500
1422576000000,78.0,78.16,75.75,75.91,42649500
1422835200000,76.11,76.14,73.75,74.99,41955300
1422921600000,75.19,75.58,73.86,75.4,26957700
1423008000000,75.09,76.35,75.01,75.63,20277400
1423094400000,75.71,75.98,75.21,75.61,15062600
1423180800000,75.68,75.7,74.25,74.47,21211000
1423440000000,74.05,74.83,73.45,74.44,16194300
1423526400000,74.85,75.34,74.5,75.19,15811300
1423612800000,75.09,76.75,75.03,76.51,20877400
1423699200000,76.86,76.87,75.89,76.23,17235000
1423785600000,76.46,76.48,75.5,75.74,18621900
1424131200000,75.3,76.91,75.08,75.6,25254400
1424217600000,75.94,76.9,75.45,76.71,22426400
1424304000000,76.99,79.84,76.95,79.42,45851200
1424390400000,79.55,80.34,79.2,79.9,36931700
1424649600000,79.96,80.19,78.38,78.84,24139100
1424736000000,78.5,79.48,78.1,78.45,18897100
1424822400000,78.5,80.2,78.5,79.56,25593800
1424908800000,79.88,81.37,79.72,80.41,31111900
1424995200000,80.68,81.23,78.62,78.97,30739200
1425254400000,79.0,79.86,78.52,79.75,21662500
1425340800000,79.61,79.7,78.52,79.6,18635000
1425427200000,79.3,81.15,78.85,80.9,28126700
1425513600000,81.23,81.99,81.05,81.21,27825700
1425600000000,80.9,81.33,79.83,80.01,24488600
1425859200000,79.68,79.91,78.63,79.44,18925100
1425945600000,78.5,79.26,77.55,77.55,23067100
1426032000000,77.8,78.43,77.26,77.57,20215700
1426118400000,78.1,79.05,77.91,78.93,16093300
1426204800000,78.6,79.38,77.68,78.05,18557300
1426464000000,77.96,78.12,77.36,78.07,19305400
1426550400000,78.36,79.78,78.34,79.36,22170000
1426636800000,79.25,81.24,79.17,80.91,36912400
1426723200000,81.12,83.0,81.0,82.75,42099500
1426809600000,83.39,84.6,83.07,83.8,44466300
1427068800000,83.92,84.96,83.3,84.43,27357300
1427155200000,84.71,86.07,84.52,85.31,32576500
1427241600000,85.5,85.52,82.92,82.92,37436100
1427328000000,82.72,83.77,82.14,83.01,32794800
1427414400000,83.38,83.95,82.88,83.3,18372600
1427673600000,83.81,84.34,82.41,83.2,24527700
1427760000000,82.9,83.5,82.21,82.22,19734300
1427846400000,82.5,82.72,80.87,81.67,22058200
1427932800000,82.25,82.56,81.44,81.56,19664100
1428278400000,80.8,82.81,80.8,82.44,19062900
1428364800000,82.65,83.42,82.22,82.32,17467000
1428451200000,82.63,83.1,81.84,82.28,18966700
1428537600000,82.5,82.8,81.71,82.17,15927300
1428624000000,82.21,82.61,81.91,82.04,12529700
1428883200000,81.93,83.94,81.92,83.01,26883100
1428969600000,83.17,83.69,82.44,83.52,19634200
1429056000000,83.55,83.66,82.27,82.71,22390900
1429142400000,82.47,83.07,82.15,82.31,13769700
1429228800000,81.48,82.11,80.37,80.78,24215000
1429488000000,81.54,83.15,81.24,83.09,28796800
1429574400000,84.0,84.49,83.54,83.62,27171900
1429660800000,84.32,84.74,83.65,84.63,45548000
1429747200000,84.1,85.59,82.41,82.41,73728100
1429833600000,82.77,82.94,81.48,81.53,29660400
1430092800000,81.87,82.93,81.63,81.91,25446000
1430179200000,81.83,81.9,80.23,80.68,23775300
1430265600000,80.01,81.39,79.52,80.47,26430300
1430352000000,80.01,80.96,78.32,78.77,28999000
1430438400000,79.24,79.76,78.11,78.99,24136400
1430697600000,79.33,79.69,78.63,78.81,14692000
1430784000000,78.55,78.8,77.22,77.56,22311300
1430870400000,77.97,78.81,77.05,78.1,28663000
1430956800000,78.0,78.94,77.56,78.43,19749400
1431043200000,79.1,79.23,78.03,78.51,19943600
1431302400000,78.48,79.03,77.93,78.01,18874100
1431388800000,77.87,77.89,76.79,77.46,21285300
1431475200000,77.72,78.53,77.65,78.44,21512300
1431561600000,78.94,81.85,78.67,81.37,49438000
1431648000000,81.41,81.52,80.18,80.42,27069900
1431907200000,80.33,81.38,80.23,80.88,21613700
1431993600000,81.25,81.69,80.55,80.63,17955400
1432080000000,80.47,81.1,79.46,80.55,23056900
1432166400000,80.19,80.92,80.08,80.48,13402700
1432252800000,80.35,81.31,80.25,80.54,19567900
1432598400000,80.43,80.6,79.08,79.33,16321300
1432684800000,79.6,80.66,79.43,80.55,14160900
1432771200000,80.25,81.07,80.0,80.15,11982000
1432857600000,79.95,80.07,78.88,79.19,16134600
1433116800000,79.3,80.38,78.66,80.29,18119000
1433203200000,79.76,81.35,79.56,80.44,18923300
1433289600000,81.35,82.53,81.25,82.44,31594700
1433376000000,82.14,82.95,81.51,82.05,20863900
1433462400000,81.87,82.46,81.51,82.14,16143100
1433721600000,81.82,82.0,80.13,80.67,16915500
1433808000000,80.6,81.19,79.32,80.67,16497500
1433894400000,80.83,82.6,80.81,82.16,21531200
1433980800000,82.31,82.9,81.36,81.83,18656800
1434067200000,81.37,82.09,81.2,81.53,11417900
1434326400000,80.55,80.93,80.07,80.71,18805100
1434412800000,80.82,81.51,80.45,81.06,13693700
1434499200000,81.76,82.22,81.34,81.79,18350300
1434585600000,81.64,83.19,81.57,82.91,26782600
1434672000000,82.83,82.98,82.12,82.51,23353200
1434931200000,83.41,84.97,83.31,84.74,29383100
1435017600000,84.96,87.97,84.76,87.88,50667900
1435104000000,87.66,89.25,87.45,88.86,41370200
1435190400000,89.26,89.4,87.84,87.98,27302000
1435276800000,88.12,88.34,86.83,88.01,38214600
1435536000000,86.61,87.5,85.73,85.8,35957900
1435622400000,86.6,86.7,85.57,85.77,23016500
1435708800000,86.77,87.95,86.49,86.91,25260000
1435795200000,87.4,87.44,86.34,87.29,16908800
1436140800000,86.49,88.19,86.39,87.55,24635900
1436227200000,87.8,87.85,85.23,87.22,33059900
1436313600000,86.29,86.75,85.45,85.65,24399300
1436400000000,86.73,87.6,85.65,85.88,23144200
1436486400000,87.35,88.22,86.77,87.95,23245900
1436745600000,88.66,90.22,88.42,90.1,29976700
1436832000000,90.46,90.8,89.65,89.68,26627800
1436918400000,90.0,90.99,89.42,89.76,30886600
1437004800000,90.28,90.86,89.77,90.85,21804100
1437091200000,92.55,95.39,92.54,94.97,54001600
1437350400000,95.85,98.6,95.36,97.91,54860500
1437436800000,98.95,99.24,97.14,98.39,39453300
1437523200000,96.74,97.58,95.92,97.04,28299500
1437609600000,96.96,97.45,94.81,95.44,29418800
1437696000000,97.35,97.76,95.88,96.95,33444900
1437955200000,96.58,96.61,93.83,94.17,38585400
1438041600000,94.84,95.56,93.31,95.29,35236000
1438128000000,96.32,97.28,94.74,96.99,64648300
1438214400000,94.91,95.81,91.8,95.21,86211300
1438300800000,94.95,96.33,93.95,94.01,46509000
1438560000000,93.53,95.08,92.8,94.14,29343100
1438646400000,93.79,94.73,93.33,94.06,20136000
1438732800000,95.25,97.09,95.18,96.44,29813200
1438819200000,97.18,98.74,94.42,95.12,42271300
1438905600000,95.38,95.4,93.61,94.3,23199100
1439164800000,95.68,95.9,93.63,94.15,21624200
1439251200000,93.73,94.76,92.9,93.62,22491000
1439337600000,92.7,94.44,91.19,94.19,27050500
1439424000000,94.05,94.73,93.35,93.43,17451800
1439510400000,93.54,94.72,93.21,94.42,15929700
1439769600000,94.42,94.46,93.39,93.93,18313500
1439856000000,94.08,95.85,94.04,95.17,22278800
1439942400000,94.63,96.1,94.16,95.31,23156500
1440028800000,93.54,94.77,90.46,90.56,44598200
1440115200000,87.52,89.18,85.61,86.06,62778700
1440374400000,77.03,82.09,72.0,82.09,83710700
1440460800000,86.95,87.67,83.0,83.0,52021200
1440547200000,85.95,87.46,83.26,87.19,45124300
1440633600000,89.1,90.06,87.19,89.73,42431400
1440720000000,89.88,91.48,89.79,91.01,33215900
1440979200000,90.6,91.05,88.89,89.43,32850700
1441065600000,86.85,89.39,86.5,87.23,36097400
1441152000000,88.81,89.89,87.63,89.89,27190500
1441238400000,89.76,89.82,87.73,88.15,27048200
1441324800000,87.2,88.39,86.7,88.26,27328700
1441670400000,89.69,90.24,88.83,89.53,27012500
1441756800000,90.78,91.98,90.17,90.44,32551100
1441843200000,90.07,92.06,89.63,91.98,26437400
1441929600000,91.68,92.08,91.13,92.05,21185000
1442188800000,92.31,92.62,91.6,92.31,20127900
1442275200000,92.37,93.25,91.79,92.9,18859400
1442361600000,92.9,93.6,92.63,93.45,16321200
1442448000000,93.37,95.51,92.9,94.34,27841800
1442534400000,93.2,95.19,93.05,94.4,62300000
1442793600000,94.62,96.49,94.52,95.55,28790000
1442880000000,93.77,94.68,91.92,92.96,36888900
1442966400000,93.4,94.32,92.8,93.97,21701400
1443052800000,93.06,94.77,92.24,94.41,29106000
1443139200000,95.79,95.85,92.06,92.77,28961600
1443398400000,92.08,92.29,88.18,89.21,41199900
1443484800000,89.1,90.06,85.72,86.67,42281800
1443571200000,88.44,90.02,88.01,89.9,36169100
1443657600000,90.05,90.95,88.36,90.95,29283700
1443744000000,88.9,92.2,88.37,92.07,37881700
1444003200000,92.94,94.27,92.66,94.01,27292500
1444089600000,94.08,94.17,92.34,92.8,22172800
1444176000000,93.11,93.66,91.37,92.4,24129300
1444262400000,91.89,93.22,90.47,92.47,27290500
1444348800000,92.9,93.74,92.24,93.24,20012900
1444608000000,93.32,94.6,92.67,94.26,18449600
1444694400000,93.66,95.37,93.55,94.12,19480300
1444780800000,94.08,95.2,93.61,94.07,19253400
1444867200000,94.99,96.3,94.9,95.96,27557500
1444953600000,96.18,97.59,95.35,97.54,25412900
1445212800000,97.18,98.57,96.92,98.47,23729900
1445299200000,98.73,99.59,96.56,97.0,30700500
1445385600000,97.37,98.18,96.47,97.11,21917800
1445472000000,97.79,99.73,97.55,99.67,26392100
1445558400000,101.91,102.85,100.16,102.19,42809700
1445817600000,102.2,103.81,101.55,103.77,25961200
1445904000000,102.94,104.1,102.4,103.7,23795500
1445990400000,103.9,104.48,102.92,104.2,24081500
1446076800000,103.96,105.12,103.52,104.88,20316700
1446163200000,104.51,104.72,101.65,101.97,33487100
1446422400000,101.72,103.47,101.18,103.31,24003900
1446508800000,103.22,103.65,102.4,102.58,21242300
1446595200000,103.19,104.14,102.48,103.94,43469300
1446681600000,108.8,110.65,107.95,108.76,63232900
1446768000000,108.04,108.74,105.91,107.1,35084300
1447027200000,107.0,108.25,105.86,106.49,26383500
1447113600000,105.96,108.15,105.24,107.91,25031700
1447200000000,108.27,109.87,107.11,109.01,25057100
1447286400000,108.48,109.39,108.0,108.02,20924700
1447372800000,107.71,108.25,103.83,103.95,30278400
1447632000000,103.32,104.17,100.47,104.04,49309200
1447718400000,104.62,106.2,104.14,105.13,26807200
1447804800000,105.8,107.88,105.39,107.77,23836500
1447891200000,107.36,107.73,105.95,106.26,25520600
1447977600000,106.84,107.87,106.62,107.32,22129600
1448236800000,107.19,107.47,106.08,106.95,19897200
1448323200000,106.0,106.49,104.39,105.74,23577300
1448409600000,106.33,106.6,105.1,105.41,15150800
1448582400000,105.78,105.96,104.86,105.45,5913100
1448841600000,105.84,106.1,103.75,104.24,20383200
1448928000000,104.83,107.15,104.5,107.12,22781900
1449014400000,107.0,107.92,105.79,106.07,24429100
1449100800000,106.27,106.85,103.35,104.38,23236500
1449187200000,104.81,107.73,104.11,106.18,21224700
1449446400000,106.48,106.83,104.66,105.61,15474900
1449532800000,104.0,106.91,103.95,106.49,20401800
1449619200000,106.18,106.44,103.55,104.6,23517300
1449705600000,105.05,106.4,104.41,105.42,17414500
1449792000000,104.15,104.34,101.91,102.12,26427700
1450051200000,102.29,104.74,101.46,104.66,24648100
1450137600000,105.3,105.8,104.28,104.55,21764300
1450224000000,105.37,107.09,104.19,106.79,22680500
1450310400000,107.49,107.75,106.13,106.22,21675700
1450396800000,106.08,106.59,103.97,104.04,35994200
1450656000000,104.91,105.15,103.6,104.77,16138800
1450742400000,105.22,105.66,104.81,105.51,14597100
1450828800000,105.89,106.11,103.86,104.63,19599700
1450915200000,104.74,105.32,104.5,105.02,6501800
1451260800000,105.02,105.98,104.53,105.93,13069700
1451347200000,106.42,107.74,106.25,107.26,17179900
1451433600000,107.0,107.25,106.06,106.22,13115000
1451520000000,106.0,106.17,104.62,104.66,18298700
1451865600000,101.95,102.24,99.75,102.22,37912400
1451952000000,102.89,103.71,101.67,102.73,23258200
1452038400000,101.13,103.77,100.9,102.97,25096200
1452124800000,100.5,101.43,97.3,97.92,45172900
1452211200000,99.88,100.5,97.03,97.33,35402300
1452470400000,97.91,98.6,95.39,97.51,29932400
1452556800000,99.0,99.96,97.55,99.37,28395400
1452643200000,100.58,100.58,95.21,95.44,33410600
1452729600000,95.85,98.87,92.45,98.37,48658600
1452816000000,93.98,96.38,93.54,94.97,45935600
1453161600000,96.53,97.42,93.92,95.26,30998300
1453248000000,92.83,95.0,89.37,94.35,59051400
1453334400000,94.91,95.99,92.62,94.16,30518900
1453420800000,96.41,98.07,95.49,97.94,30495400
1453680000000,98.72,99.48,96.93,97.01,32482000
1453766400000,97.76,97.88,95.66,97.34,26877100
1453852800000,97.79,97.85,94.23,94.45,58699400
1453939200000,107.2,110.34,104.81,109.11,107475300
1454025600000,108.99,112.84,108.84,112.21,62739500
1454284800000,112.27,115.72,112.01,115.09,46132700
1454371200000,114.8,117.59,113.2,114.61,59778600
1454457600000,115.27,115.34,109.75,112.69,56919300
1454544000000,111.8,111.94,109.25,110.49,38890200
1454630400000,109.51,109.58,103.18,104.07,76894700
1454889600000,100.41,102.68,97.46,99.75,71229700
1454976000000,97.14,102.4,96.82,99.54,62709000
1455062400000,101.55,103.25,100.24,101.0,45179400
1455148800000,99.6,105.11,98.88,101.91,43670600
1455235200000,103.74,104.24,101.09,102.01,36176800
1455580800000,103.8,103.93,100.24,101.61,45687200
1455667200000,102.02,105.72,100.4,105.2,44073400
1455753600000,105.8,106.0,103.03,103.47,29593500
1455840000000,102.55,105.02,102.06,104.57,32404500
1456099200000,105.49,108.25,105.34,107.16,35709700
1456185600000,106.85,107.47,105.12,105.46,25319300
1456272000000,104.21,106.95,102.74,106.88,34412400
1456358400000,107.11,108.07,105.61,108.07,29906300
1456444800000,108.7,109.45,107.16,107.92,26686200
1456704000000,107.6,108.91,106.75,106.92,32779000
1456790400000,107.83,109.82,107.6,109.82,26817300
1456876800000,109.68,110.55,108.77,109.95,25670200
1456963200000,110.25,110.3,108.54,109.58,21353100
1457049600000,110.05,110.05,107.93,108.39,24938900
1457308800000,108.07,108.07,104.72,105.73,31436400
1457395200000,104.78,107.37,104.4,105.93,25617000
1457481600000,106.7,107.51,105.49,107.51,20493300
1457568000000,107.91,108.66,105.77,107.32,24854300
1457654400000,108.48,109.42,107.92,109.41,20697600
1457913600000,109.28,110.33,108.77,109.89,17249400
1458000000000,109.11,110.83,108.84,110.67,17618500
1458086400000,110.49,112.5,110.1,112.18,24744800
1458172800000,112.15,112.69,110.73,111.02,24241200
1458259200000,111.56,112.42,110.27,111.45,36256900
1458518400000,111.66,112.37,111.03,111.85,18448000
1458604800000,111.36,112.88,111.17,112.25,19001100
1458691200000,112.01,113.19,112.0,112.54,18562000
1458777600000,112.13,113.09,111.68,113.05,17839100
1459123200000,113.32,114.59,112.95,113.69,21351800
1459209600000,113.83,116.32,113.64,116.14,29825300
1459296000000,116.73,116.99,114.36,114.7,33235200
1459382400000,114.7,115.01,113.77,114.1,21207500
1459468800000,113.75,116.17,113.35,116.06,24760500
1459728000000,114.07,114.55,111.61,112.55,48487900
1459814400000,112.11,113.32,111.9,112.22,22962400
1459900800000,112.47,113.81,112.42,113.71,20814600
1459987200000,113.79,114.89,113.07,113.64,20714500
1460073600000,114.25,114.33,109.9,110.63,48497800
1460332800000,110.7,110.91,108.77,108.99,39762300
1460419200000,109.34,111.16,108.99,110.61,26248100
1460505600000,112.23,112.65,106.52,110.51,88227400
1460592000000,110.62,112.04,110.26,110.84,28473300
1460678400000,110.79,110.97,109.2,109.64,20922800
1460937600000,109.74,110.81,109.2,110.45,21092700
1461024000000,111.1,112.45,109.16,112.29,30210500
1461110400000,112.43,113.27,111.56,112.42,21027900
1461196800000,112.55,114.04,112.31,113.44,20875200
1461283200000,111.21,111.75,109.01,110.56,38458200
1461542400000,109.87,110.67,109.07,110.1,21017900
1461628800000,110.49,110.5,108.15,108.76,22521500
1461715200000,107.94,108.94,106.31,108.89,52213100
1461801600000,119.58,120.79,116.23,116.73,87110100
1461888000000,116.82,117.84,115.84,117.58,37140600
1462147200000,117.83,118.73,116.57,118.57,28095200
1462233600000,117.52,118.16,117.02,117.43,24117500
1462320000000,116.61,118.3,116.57,118.06,23448400
1462406400000,118.04,118.98,117.25,117.81,22056700
1462492800000,117.16,119.64,117.11,119.49,26216200
1462752000000,119.54,120.28,118.9,119.24,21138100
1462838400000,119.62,120.5,119.0,120.5,23220000
1462924800000,120.41,121.08,119.42,119.52,22038400
1463011200000,119.98,120.84,118.9,120.28,22035500
1463097600000,120.38,120.64,119.68,119.81,18124300
1463356800000,119.38,119.61,117.35,118.67,31247800
1463443200000,118.82,119.01,117.2,117.35,21328600
1463529600000,116.8,118.27,116.73,117.65,21642300
1463616000000,117.05,117.49,115.88,116.81,20544100
1463702400000,116.96,117.99,116.95,117.35,18944800
1463961600000,117.42,117.6,115.94,115.97,20441000
1464048000000,116.24,117.73,116.12,117.7,20183600
1464134400000,118.13,118.67,117.38,117.89,20019800
1464220800000,118.24,119.76,117.92,119.47,18481300
1464307200000,119.56,119.85,119.01,119.38,13464400
1464652800000,119.46,120.1,118.12,118.81,23547600
1464739200000,118.5,119.08,117.82,118.78,15029500
1464825600000,118.69,119.44,118.22,118.93,13228300
1464912000000,118.98,118.98,117.86,118.47,14135100
1465171200000,118.62,119.43,118.36,118.79,12744700
1465257600000,119.24,119.3,117.67,117.76,17103000
1465344000000,117.76,118.6,117.27,118.39,14505600
1465430400000,118.13,118.68,117.71,118.56,13859200
1465516800000,117.54,118.11,116.26,116.62,18510800
1465776000000,115.0,115.48,113.31,113.95,31718200
1465862400000,114.07,114.95,113.58,114.94,17618500
1465948800000,115.3,115.44,114.07,114.6,19819400
1466035200000,113.87,114.5,112.94,114.39,19236300
1466121600000,114.42,114.43,112.56,113.02,24644300
1466380800000,113.77,114.72,112.75,113.37,20785400
1466467200000,114.12,115.21,113.97,114.38,19166300
1466553600000,114.65,114.74,113.61,113.91,14846300
1466640000000,114.37,115.09,113.54,115.08,16176900
1466726400000,111.01,113.68,111.0,112.08,40643100
1466985600000,111.57,111.57,108.23,108.97,36130400
1467072000000,110.63,112.75,110.55,112.7,26813800
1467158400000,113.37,114.25,113.04,114.16,20968300
1467244800000,114.67,115.18,113.67,114.28,23192700
1467331200000,114.2,115.13,113.81,114.19,14980000
1467676800000,113.94,114.2,112.97,114.2,14207000
1467763200000,113.36,116.79,112.97,116.7,24337600
1467849600000,116.63,116.97,115.36,115.85,16630200
1467936000000,116.43,117.5,115.85,117.24,18142600
1468195200000,117.71,118.7,117.5,117.87,17711600
1468281600000,118.63,118.72,117.57,117.93,15217700
1468368000000,118.39,118.4,116.68,116.78,16207700
1468454400000,117.5,117.64,116.7,117.29,14579700
1468540800000,117.74,118.28,116.58,116.86,16646000
1468800000000,117.32,119.61,116.89,119.37,20868400
1468886400000,118.99,120.85,118.66,120.61,21541300
1468972800000,121.25,122.2,120.56,121.92,20046500
1469059200000,121.92,122.1,120.25,120.61,17801700
1469145600000,119.9,121.01,119.31,121.0,18422400
1469404800000,121.39,121.85,117.78,121.63,18487400
1469491200000,122.0,122.07,120.75,121.22,17612000
1469577600000,122.42,125.0,121.51,123.34,52654200
1469664000000,127.52,128.33,123.63,125.0,78955800
1469750400000,124.65,125.84,123.71,123.94,35058800
1470009600000,123.85,124.58,122.86,124.31,25006900
1470096000000,124.06,124.8,122.07,123.09,23968400
1470182400000,123.09,123.92,122.31,122.51,18525300
1470268800000,122.94,124.79,122.51,124.36,21066000
1470355200000,124.98,125.84,124.62,125.15,20184000
1470614400000,125.25,125.45,124.55,125.26,15233900
1470700800000,125.34,126.09,124.53,125.06,19621000
1470787200000,125.07,125.48,124.54,124.88,10670100
1470873600000,125.2,125.38,124.75,124.9,11729500
1470960000000,124.7,125.0,124.18,124.88,12159000
1471219200000,124.91,124.92,123.7,123.9,19295100
1471305600000,123.5,123.92,122.78,123.3,14222400
1471392000000,123.66,124.38,122.85,124.37,13794200
1471478400000,124.01,124.26,123.64,123.91,12400800
1471564800000,123.6,124.16,123.28,123.56,11688300
1471824000000,123.33,124.83,123.11,124.15,14386400
1471910400000,124.51,125.09,124.25,124.37,13309500
1471996800000,124.47,124.69,123.09,123.48,12243700
1472083200000,123.12,124.37,123.1,123.89,10730800
1472169600000,124.05,125.19,123.91,124.96,17504800
1472428800000,124.35,126.73,124.35,126.54,15925900
1472515200000,126.6,126.6,125.15,125.84,17804300
1472601600000,125.6,126.22,125.1,126.12,14200600
1472688000000,126.38,126.63,125.6,126.17,13536100
1472774400000,126.85,126.86,126.0,126.51,12118800
1473120000000,126.67,129.94,126.47,129.73,26278400
1473206400000,130.04,131.98,129.95,131.05,27990800
1473292800000,130.92,131.08,129.81,130.27,15676600
1473379200000,129.71,129.95,127.1,127.1,27100700
1473638400000,125.96,128.76,125.75,128.69,21252800
1473724800000,128.03,128.35,126.66,127.21,18016200
1473811200000,126.89,128.8,126.89,127.77,15691100
1473897600000,127.98,129.1,127.67,128.35,15077200
1473984000000,128.2,129.18,128.2,129.07,24119200
1474243200000,129.91,129.94,128.26,128.65,14958800
1474329600000,128.65,129.17,128.03,128.64,11083800
1474416000000,129.13,130.01,128.39,129.94,14068300
1474502400000,130.5,130.73,129.56,130.08,15538300
1474588800000,127.56,128.6,127.3,127.96,28326300
1474848000000,127.37,128.16,126.8,127.31,15064900
1474934400000,127.61,129.01,127.43,128.69,15637100
1475020800000,129.21,129.47,128.4,129.23,12047600
1475107200000,129.18,129.29,127.55,128.09,14532200
1475193600000,128.03,128.59,127.45,128.27,18402900
1475452800000,128.38,129.09,127.8,128.77,13156900
1475539200000,129.17,129.28,127.55,128.19,14307500
1475625600000,128.25,128.8,127.83,128.47,12386800
1475712000000,128.43,129.06,128.08,128.74,11682700
1475798400000,129.04,129.25,128.33,128.99,12804400
1476057600000,129.68,130.7,129.2,130.24,15138700
1476144000000,130.23,130.64,128.23,128.88,17537900
1476230400000,129.01,129.66,128.46,129.05,11073000
1476316800000,128.21,128.25,126.75,127.82,17139300
1476403200000,128.49,128.95,127.58,127.88,13345300
1476662400000,128.2,128.47,127.32,127.54,11351700
1476748800000,128.68,129.39,128.01,128.57,13504000
1476835200000,128.74,130.47,128.6,130.11,16752300
1476921600000,130.07,130.66,129.5,130.0,13167500
1477008000000,129.78,132.13,129.7,132.07,19088800
1477267200000,132.72,133.41,132.15,133.28,17470200
1477353600000,133.5,133.5,132.22,132.29,13336800
1477440000000,131.64,132.26,130.94,131.04,13084700
1477526400000,131.74,131.8,129.27,129.69,16741400
1477612800000,130.5,132.97,129.93,131.29,24545500
1477872000000,132.01,132.12,130.88,130.99,15669000
1477958400000,131.41,131.94,128.65,129.5,22077800
1478044800000,130.23,130.23,126.28,127.17,39640900
1478131200000,122.0,123.28,119.5,120.0,63766300
1478217600000,119.59,121.93,119.25,120.75,30545500
1478476800000,122.83,123.21,121.35,122.15,23008900
1478563200000,122.03,124.61,121.54,124.22,19367800
1478649600000,121.5,123.81,120.51,123.18,31916000
1478736000000,123.93,124.18,115.27,120.8,67846700
1478822400000,119.53,120.7,118.15,119.02,32804000
1479081600000,119.13,119.13,113.55,115.08,51377000
1479168000000,116.73,118.49,115.83,117.2,34681400
1479254400000,114.48,117.88,114.21,116.34,32397900
1479340800000,116.81,117.79,116.01,117.79,18597800
1479427200000,118.39,119.13,116.84,117.02,22879300
1479686400000,118.2,121.95,117.8,121.77,35415400
1479772800000,122.4,122.98,120.9,121.47,26089200
1479859200000,121.23,121.31,119.94,120.84,15672100
1480032000000,121.01,121.14,120.07,120.38,8658600
1480291200000,120.12,121.69,119.82,120.41,18101300
1480377600000,120.57,122.1,120.4,120.87,18891000
1480464000000,120.32,121.79,117.95,118.42,30188900
1480550400000,118.38,118.45,114.0,115.1,43277000
1480636800000,115.11,116.48,114.3,115.4,25070400
1480896000000,115.95,117.57,115.07,117.43,20201500
1480982400000,117.69,117.8,116.33,117.31,19131200
1481068800000,117.0,117.95,116.57,117.95,21913700
1481155200000,117.98,119.5,117.64,118.91,22442800
1481241600000,119.22,119.94,118.95,119.68,17464700
1481500800000,119.22,119.24,117.65,117.77,17805500
1481587200000,117.86,121.52,117.61,120.31,29768000
1481673600000,120.0,121.69,118.85,120.21,25913100
1481760000000,120.08,122.5,119.63,120.57,20139600
1481846400000,120.9,121.5,119.27,119.87,25324300
1482105600000,119.85,120.36,118.51,119.24,15918100
1482192000000,119.5,119.77,118.8,119.09,13684400
1482278400000,118.92,119.2,118.48,119.04,10767600
1482364800000,118.86,118.99,116.93,117.4,16258600
1482451200000,117.0,117.56,116.3,117.27,10890000
1482796800000,116.96,118.68,116.86,118.01,12051500
1482883200000,118.19,118.25,116.65,116.92,12087400
1482969600000,117.0,117.53,116.06,116.35,9934900
1483056000000,116.6,116.83,114.77,115.05,18684100
1483401600000,116.03,117.84,115.51,116.86,20663900
1483488000000,117.55,119.66,117.29,118.69,19630900
1483574400000,118.86,120.95,118.32,120.67,19492200
1483660800000,120.98,123.88,120.03,123.41,28545300
1483920000000,123.55,125.43,123.04,124.9,22880400
1484006400000,124.82,125.5,124.28,124.35,17324600
1484092800000,124.35,126.12,124.06,126.09,18356500
1484179200000,125.61,126.73,124.8,126.62,18653900
1484265600000,127.49,129.27,127.37,128.34,24884300
1484611200000,128.04,128.34,127.4,127.87,15294500
1484697600000,128.41,128.43,126.84,127.92,13145900
1484784000000,128.23,128.35,127.45,127.55,12195500
1484870400000,128.1,128.48,126.78,127.04,19097200
1485129600000,127.31,129.25,126.95,128.93,16593600
1485216000000,129.38,129.9,128.38,129.37,15162700
1485302400000,130.0,131.74,129.77,131.48,18731300
1485388800000,131.63,133.14,131.44,132.78,20020100
1485475200000,132.68,132.95,131.08,132.18,19539500
1485734400000,131.58,131.58,129.6,130.98,18956100
1485820800000,130.17,130.66,129.52,130.32,19790500
1485907200000,132.25,133.49,130.68,133.23,50139800
1485993600000,133.22,135.49,130.4,130.84,54366400
1486080000000,131.24,132.85,130.76,130.98,24804900
1486339200000,130.98,132.06,130.3,132.06,17058500
1486425600000,132.24,133.0,131.66,131.84,14596400
1486512000000,132.6,134.44,132.44,134.2,22390600
1486598400000,134.49,134.5,133.31,134.14,16470600
1486684800000,134.1,134.94,133.68,134.19,15061900
1486944000000,134.7,134.7,133.7,134.05,13526200
1487030400000,134.1,134.23,132.55,133.85,14364900
1487116800000,133.45,133.7,132.66,133.44,13226500
1487203200000,133.07,133.87,133.02,133.84,12831100
1487289600000,133.5,134.09,133.17,133.53,12276500
1487635200000,133.5,133.91,132.9,133.72,14759100
1487721600000,133.6,136.79,133.46,136.12,27360100
1487808000000,135.89,136.12,134.33,135.36,18422500
1487894400000,134.16,135.62,134.16,135.44,12625700
1488153600000,135.26,137.18,135.02,136.41,14306700
1488240000000,136.79,136.81,134.75,135.54,16112100
1488326400000,136.47,137.48,136.3,137.42,16257000
1488412800000,137.09,137.82,136.31,136.76,12294800
1488499200000,136.63,137.33,136.08,137.17,11160600
1488758400000,136.88,137.83,136.51,137.42,12748200
1488844800000,137.03,138.37,136.99,137.3,13527100
1488931200000,137.15,137.99,137.05,137.72,10184500
1489017600000,137.72,138.57,137.4,138.24,15535300
1489104000000,138.91,139.49,138.22,138.79,16314100
1489363200000,138.71,139.68,138.67,139.6,10955500
1489449600000,139.46,139.46,138.52,139.32,12944000
1489536000000,139.29,140.1,138.49,139.72,19344800
1489622400000,140.2,140.25,139.73,139.99,13612900
1489708800000,140.34,140.34,139.7,139.84,20592800
1489968000000,139.71,140.19,139.25,139.94,12099500
1490054400000,141.15,142.31,138.4,138.51,29894800
1490140800000,137.93,139.79,137.6,139.59,17055400
1490227200000,139.48,140.39,139.09,139.53,13022800
1490313600000,140.08,141.02,139.76,140.34,16664700
1490572800000,139.05,140.65,138.77,140.32,12800500
1490659200000,140.36,141.95,140.01,141.76,14679400
1490745600000,141.99,142.86,141.43,142.65,16527600
1490832000000,142.4,142.95,141.85,142.41,12404000
1490918400000,142.31,142.63,141.89,142.05,11478300
1491177600000,141.93,142.47,140.82,142.28,13564000
1491264000000,141.86,142.09,141.27,141.73,12948600
1491350400000,142.26,143.44,141.29,141.85,17158100
1491436800000,142.11,142.22,140.91,141.17,15103400
1491523200000,141.2,141.55,140.24,140.78,11818300
1491782400000,141.0,141.43,140.63,141.04,9039400
1491868800000,140.8,141.03,138.81,139.92,16638100
1491955200000,139.72,140.4,139.44,139.58,11612500
1492041600000,139.62,140.58,139.33,139.39,10965600
1492387200000,139.76,141.55,139.75,141.42,11519700
1492473600000,141.27,141.91,140.61,140.96,14807500
1492560000000,141.35,143.04,141.27,142.27,15563900
1492646400000,142.95,144.25,142.69,143.8,15968200
1492732800000,143.9,144.17,142.27,143.68,12382000
1492992000000,144.96,145.67,144.34,145.47,14407200
1493078400000,145.79,147.15,145.79,146.49,17767500
1493164800000,147.09,147.59,146.09,146.56,12395000
1493251200000,146.67,147.75,146.14,147.7,11275100
1493337600000,149.5,151.53,149.07,150.25,30652200
1493596800000,151.74,152.57,151.42,152.46,25218300
1493683200000,153.34,153.44,151.66,152.78,21870400
1493769600000,153.6,153.6,151.34,151.8,29782500
1493856000000,150.17,151.52,148.72,150.85,36225500
1493942400000,151.45,151.63,149.79,150.24,17148500
1494201600000,150.71,151.08,149.74,151.06,15827500
1494288000000,151.49,152.59,150.21,150.48,17453900
1494374400000,150.23,150.52,148.86,150.29,12080700
1494460800000,150.31,150.65,149.41,150.04,11841900
1494547200000,150.4,150.46,149.63,150.33,9598200
1494806400000,150.17,151.48,149.77,150.19,15064700
1494892800000,150.11,150.21,149.03,149.78,14550800
1494979200000,148.0,148.67,144.42,144.85,28300100
1495065600000,144.72,148.15,144.51,147.66,23031600
1495152000000,148.45,149.39,147.96,148.06,16187900
1495411200000,148.08,148.59,147.69,148.24,12586700
1495497600000,148.52,148.81,147.25,148.07,12817800
1495584000000,148.51,150.23,148.42,150.04,17862400
1495670400000,150.3,152.59,149.95,151.96,19891400
1495756800000,152.23,152.25,151.15,152.13,14996200
1496102400000,151.97,152.9,151.64,152.38,13226000
1496188800000,152.7,153.35,151.09,151.46,18023900
1496275200000,151.75,152.29,150.3,151.53,14530600
1496361600000,151.85,153.63,151.3,153.61,16854400
1496620800000,153.64,154.71,153.41,153.63,12520400
1496707200000,153.41,154.52,152.48,152.81,13457100
1496793600000,153.27,153.75,152.34,153.12,12066700
1496880000000,154.08,154.73,153.1,154.71,17799400
1496966400000,154.77,155.59,146.61,149.6,35577700
1497225600000,148.17,149.2,144.56,148.44,33170200
1497312000000,150.15,151.18,148.9,150.68,20483400
1497398400000,151.26,152.4,149.05,150.25,20808800
1497484800000,147.67,150.04,146.37,149.8,18994200
1497571200000,149.59,150.83,148.6,150.64,22882400
1497830400000,151.71,153.57,151.71,152.87,19026500
1497916800000,152.88,153.84,152.21,152.25,14743900
1498003200000,152.36,154.08,151.88,153.91,15039800
1498089600000,153.01,154.55,152.91,153.4,13005500
1498176000000,152.72,155.2,152.65,155.07,18027000
1498435200000,156.25,156.5,153.2,153.59,18049700
1498521600000,152.84,153.31,150.39,150.58,19360800
1498608000000,150.92,153.47,149.86,153.24,16719100
1498694400000,152.28,152.5,148.92,151.04,23973500
1498780800000,151.9,151.92,150.06,150.98,17666000
1499040000000,151.72,152.15,147.8,148.43,13862700
1499212800000,149.0,150.85,148.13,150.34,14334300
1499299200000,149.03,150.04,148.0,148.82,14951800
1499385600000,149.25,151.99,149.19,151.44,13615900
1499644800000,151.69,153.98,151.51,153.5,13378700
1499731200000,153.37,155.42,152.91,155.27,13667700
1499817600000,156.49,159.16,156.2,158.9,22739400
1499904000000,158.74,159.78,158.42,159.26,13929200
1499990400000,160.13,160.32,159.33,159.97,16371200
1500249600000,160.25,160.78,158.81,159.73,12858800
1500336000000,159.66,163.73,159.42,162.86,23722900
1500422400000,163.59,165.7,163.17,164.14,26273600
1500508800000,164.8,165.0,162.81,164.53,18523100
1500595200000,164.16,165.05,163.75,164.43,14744000
1500854400000,164.64,166.17,164.31,166.0,17367000
1500940800000,165.01,165.54,163.86,165.28,15383200
1501027200000,166.01,166.01,164.1,165.61,35236900
1501113600000,174.7,175.49,167.5,170.44,68910700
1501200000000,169.07,173.43,169.05,172.45,24557600
1501459200000,172.0,172.72,168.55,169.25,25478900
1501545600000,169.82,170.47,169.05,169.86,14385000
1501632000000,170.3,170.55,166.91,169.3,17433800
1501718400000,169.3,169.7,168.25,168.59,10793800
1501804800000,168.97,170.06,168.69,169.62,10777700
1502064000000,169.95,172.06,169.66,171.98,12787800
1502150400000,171.88,173.05,170.62,171.23,14393500
1502236800000,169.98,171.45,169.56,171.18,10815000
1502323200000,170.06,170.59,166.85,167.4,20832700
1502409600000,167.95,168.82,166.85,168.08,13791200
1502668800000,170.09,171.08,169.29,170.75,12954200
1502755200000,171.49,171.5,170.01,171.0,8729200
1502841600000,171.25,171.38,169.24,170.0,15779900
1502928000000,169.34,169.86,166.85,166.91,17216000
1503014400000,166.84,168.67,166.21,167.41,15093600
1503273600000,167.16,168.0,165.82,167.78,11907500
1503360000000,168.28,169.87,167.15,169.64,11391000
1503446400000,168.84,169.36,168.2,168.71,9856500
1503532800000,168.88,169.29,166.41,167.74,14030400
1503619200000,167.86,168.38,166.18,166.32,12614500
1503878400000,166.91,167.7,166.33,167.24,8553700
1503964800000,165.25,168.43,165.0,168.05,11121000
1504051200000,168.17,170.18,167.63,169.92,11138300
1504137600000,170.4,172.15,170.06,171.97,17226500
1504224000000,172.4,172.92,171.31,172.02,11677600
1504569600000,171.27,172.39,169.55,170.72,13210900
1504656000000,170.91,172.48,169.57,172.09,13906300
1504742400000,171.94,173.31,170.27,173.21,18049500
1504828800000,173.09,173.49,170.8,170.95,10998500
1505088000000,172.4,173.89,172.2,173.51,12372000
1505174400000,173.76,174.0,171.75,172.96,11186300
1505260800000,173.01,173.17,172.06,173.05,9119300
1505347200000,172.26,172.28,170.5,170.96,15615700
1505433600000,170.88,172.34,170.26,171.64,15660500
1505692800000,171.99,172.07,169.34,170.01,12954000
1505779200000,170.62,172.56,170.36,172.52,13168600
1505865600000,172.5,173.05,170.7,172.17,12264100
1505952000000,171.69,172.27,170.01,171.11,11161400
1506038400000,170.21,171.73,169.22,170.54,12097100
1506297600000,169.24,169.3,161.56,162.87,41251600
1506384000000,164.5,165.5,162.78,164.21,23363300
1506470400000,165.9,168.34,165.57,167.68,19242500
1506556800000,167.94,169.07,167.16,168.73,12178700
1506643200000,168.83,171.66,168.81,170.87,15340400
1506902400000,171.39,171.87,168.75,169.47,13392300
1506988800000,169.3,170.73,169.2,169.96,8190300
1507075200000,169.83,170.67,168.29,168.42,12127900
1507161600000,169.18,171.31,168.6,171.24,14580600
1507248000000,170.25,172.37,169.75,172.23,13124500
1507507200000,172.7,174.88,172.0,172.5,14570400
1507593600000,173.0,173.2,170.8,171.59,11341100
1507680000000,171.95,172.78,171.4,172.74,11283700
1507766400000,172.61,173.85,172.29,172.55,10351000
1507852800000,173.45,174.65,173.2,173.74,13658300
1508112000000,174.49,175.0,174.06,174.52,11498800
1508198400000,174.71,176.13,174.36,176.11,15990100
1508284800000,176.65,176.74,175.75,176.03,12752400
1508371200000,174.93,176.03,172.63,174.56,14048400
1508457600000,175.5,175.88,174.63,174.98,12602200
1508716800000,175.2,175.34,171.25,171.27,13852700
1508803200000,172.3,173.24,171.5,171.8,12267900
1508889600000,171.9,172.25,168.89,170.6,15868200
1508976000000,171.38,172.29,170.39,170.63,11833100
1509062400000,174.15,178.21,173.9,177.88,30285300
1509321600000,179.26,180.69,177.61,179.87,24353200
1509408000000,180.57,180.8,178.94,180.06,20174200
1509494400000,182.36,182.9,180.57,182.66,40918300
1509580800000,180.63,181.94,177.34,178.92,35529900
1509667200000,179.29,179.86,176.71,178.92,17822100
1509926400000,178.56,180.45,178.31,180.17,13312700
1510012800000,180.5,180.75,178.96,180.25,12928200
1510099200000,179.79,180.35,179.11,179.56,10494100
1510185600000,178.31,179.4,177.09,179.3,12610300
1510272000000,178.35,179.1,177.96,178.46,11070200
1510531200000,177.5,179.04,177.3,178.77,9523400
1510617600000,178.13,178.97,177.18,178.07,9585900
1510704000000,176.66,178.57,176.4,177.95,10253700
1510790400000,178.76,179.83,178.5,179.59,15607600
1510876800000,179.3,179.98,178.9,179.0,13018000
1511136000000,178.87,179.5,178.1,178.74,10052400
1511222400000,179.15,181.89,178.99,181.86,14504000
1511308800000,181.3,181.73,180.44,180.87,10376300
1511481600000,180.4,183.15,180.29,182.78,9426300
1511740800000,182.56,183.73,181.99,183.03,12344500
1511827200000,183.51,184.25,182.09,182.42,14379700
1511913600000,181.89,181.97,174.0,175.13,41933500
1512000000000,176.85,178.28,175.2,177.18,25307600
1512086400000,176.03,177.48,172.34,175.1,20182500
1512345600000,176.29,176.57,170.79,171.47,24459400
1512432000000,170.45,175.38,169.01,172.83,20184900
1512518400000,172.5,176.77,171.9,176.06,20255800
1512604800000,175.8,180.39,175.8,180.14,20404500
1512691200000,181.53,182.28,178.74,179.0,19883800
1512950400000,179.3,180.22,178.8,179.04,13168600
1513036800000,178.6,179.18,176.6,176.96,16854100
1513123200000,177.3,179.16,177.25,178.3,14615700
1513209600000,178.29,180.36,177.68,178.39,13591000
1513296000000,179.02,180.49,178.36,180.18,28463100
1513555200000,181.01,181.3,179.75,180.82,17265400
1513641600000,179.95,180.08,178.22,179.51,14920600
1513728000000,179.81,179.81,177.36,177.89,11860500
1513814400000,177.94,178.68,177.05,177.45,11600700
1513900800000,177.14,177.53,176.23,177.2,8487000
1514246400000,176.63,177.0,174.67,175.99,8897300
1514332800000,176.55,178.44,176.26,177.62,9496100
1514419200000,177.95,178.94,177.68,177.92,12220800
1514505600000,178.0,178.85,176.46,176.46,10178700
1514851200000,177.68,181.58,177.55,181.42,18151900
1514937600000,181.88,184.78,181.33,184.67,16886600
1515024000000,184.9,186.21,184.1,184.33,13880900
1515110400000,185.59,186.9,184.93,186.85,13574500
1515369600000,187.2,188.9,186.33,188.28,17994700
1515456000000,188.7,188.8,187.1,187.87,12393100
1515542400000,186.94,187.89,185.63,187.84,10529900
1515628800000,188.4,188.4,187.38,187.77,9588600
1515715200000,178.06,181.48,177.4,179.37,77306900
1516060800000,181.5,181.75,178.04,178.39,36183800
1516147200000,179.26,179.32,175.8,177.6,27992400
1516233600000,178.13,180.98,177.08,179.8,23304900
1516320000000,180.85,182.37,180.17,181.29,26826500
1516579200000,180.8,185.39,180.41,185.37,21059500
1516665600000,186.05,189.55,185.55,189.35,25678800
1516752000000,189.89,190.66,186.52,186.55,24334500
1516838400000,187.95,188.62,186.6,187.48,17377700
1516924800000,187.75,190.0,186.81,190.0,17759200
1517184000000,188.75,188.84,185.63,185.98,20453200
1517270400000,187.62,188.18,181.84,187.12,20858600
1517356800000,188.37,189.83,185.22,186.89,43275100
1517443200000,188.22,195.32,187.89,193.09,54211300
1517529600000,192.04,194.21,189.98,190.28,26677500
1517788800000,186.93,190.61,180.61,181.26,33128200
1517875200000,178.57,185.77,177.74,185.31,37758500
1517961600000,184.15,185.08,179.95,180.18,27601900
1518048000000,181.01,181.84,171.48,171.58,38478300
1518134400000,174.76,176.9,167.18,176.11,39887600
1518393600000,177.06,177.55,171.84,176.41,32092100
1518480000000,175.62,175.97,173.1,173.15,21809400
1518566400000,173.45,179.81,173.21,179.52,28929700
1518652800000,180.5,180.5,176.84,179.96,20922100
1518739200000,178.99,179.88,176.3,177.36,20645300
1519084800000,175.77,177.95,175.11,176.01,21204900
1519171200000,176.71,181.27,176.4,177.91,23200800
1519257600000,178.7,180.21,177.41,178.99,18464200
1519344000000,179.9,183.39,179.51,183.29,19007300
1519603200000,184.58,185.66,183.22,184.93,17599700
1519689600000,184.45,184.7,181.46,181.46,15849800
1519776000000,182.3,182.88,178.14,178.32,18783000
1519862400000,179.01,180.12,174.41,175.94,23201600
1519948800000,173.29,177.11,172.99,176.62,20025900
1520208000000,176.2,181.15,175.89,180.4,16189300
1520294400000,181.78,182.38,179.11,179.78,15086800
1520380800000,178.74,183.82,178.07,183.71,19097300
1520467200000,183.56,184.4,181.45,182.34,17225900
1520553600000,183.91,185.51,183.21,185.23,18526300
1520812800000,185.23,186.1,184.22,184.76,15301200
1520899200000,185.61,185.99,181.11,181.88,18067500
1520985600000,182.6,184.25,181.85,184.19,16821700
1521072000000,183.24,184.0,182.19,183.86,15614300
1521158400000,184.49,185.33,183.41,185.09,24403400
1521417600000,177.01,177.17,170.06,172.56,88140100
1521504000000,167.47,170.2,161.95,168.15,129851800
1521590400000,164.8,173.4,163.3,169.39,105920200
1521676800000,166.13,170.27,163.72,164.89,73743000
1521763200000,165.44,166.6,159.02,159.39,53609700
1522022400000,160.82,161.1,149.02,160.06,126116600
1522108800000,156.31,162.85,150.75,152.22,79117000
1522195200000,151.65,155.88,150.8,153.03,60029200
1522281600000,155.15,161.42,154.14,159.79,59434300
1522627200000,157.81,159.2,154.11,155.39,36796000
1522713600000,156.55,157.39,150.81,156.11,42543900
1522800000000,152.03,155.56,150.51,155.1,49885600
1522886400000,161.56,161.57,156.65,159.34,41449600
1522972800000,157.73,161.42,156.81,157.2,41644800
1523232000000,157.82,160.53,156.04,157.93,34915200
1523318400000,157.93,165.98,157.01,165.04,57889300
1523404800000,165.36,168.65,163.25,166.32,56144600
1523491200000,166.98,167.45,163.1,163.87,38263000
1523577600000,164.58,165.7,163.77,164.52,19990600
1523836800000,165.72,165.78,163.39,164.83,18119400
1523923200000,165.83,169.0,165.66,168.66,21716700
1524009600000,166.88,168.12,165.77,166.36,20969600
1524096000000,166.2,168.33,165.2,168.1,22235000
1524182400000,167.79,168.43,165.81,166.28,19119400
1524441600000,167.27,168.45,165.09,165.84,23088100
1524528000000,165.43,166.1,158.19,159.69,35079900
1524614400000,160.14,161.06,156.19,159.69,41083600
1524700800000,173.22,176.27,170.8,174.16,77556900
1524787200000,176.81,177.1,172.6,173.59,29804700
1525046400000,173.79,175.72,171.71,172.0,20750500
1525132800000,172.0,174.02,170.23,173.86,26025900
1525219200000,174.25,178.08,174.2,176.07,30424500
1525305600000,175.13,176.12,172.12,174.02,24026100
1525392000000,173.08,176.98,173.06,176.61,17677800
1525651200000,177.35,179.5,177.17,177.97,18697200
1525737600000,178.25,179.04,177.11,178.92,15577200
1525824000000,179.67,183.01,178.78,182.66,23282800
1525910400000,183.15,186.13,182.5,185.53,21071400
1525996800000,184.85,188.32,184.18,186.99,21207800
1526256000000,187.71,187.86,186.2,186.64,15646700
1526342400000,184.88,185.29,183.2,184.32,15429400
1526428800000,183.7,184.32,182.66,183.2,16975500
1526515200000,182.68,184.06,182.22,183.76,14840700
1526601600000,183.49,184.19,182.61,182.68,13130500
1526860800000,183.77,185.3,183.13,184.49,13532900
1526947200000,184.93,185.42,183.43,183.8,12731400
1527033600000,182.5,186.91,182.18,186.9,16628100
1527120000000,185.88,186.8,185.03,185.93,12354700
1527206400000,186.02,186.33,184.45,184.92,10965100
1527552000000,184.34,186.81,183.71,185.74,16398900
1527638400000,186.54,188.0,185.25,187.67,13736900
1527724800000,187.87,192.72,187.48,191.78,30782600
1527811200000,193.07,194.55,192.07,193.99,17307200
1528070400000,191.84,193.98,191.47,193.28,18939800
1528156800000,194.3,195.0,192.62,192.94,15544300
1528243200000,191.03,192.53,189.11,191.34,22558900
1528329600000,190.75,190.97,186.77,188.18,21503200
1528416000000,187.53,189.48,186.43,189.1,12677100
1528675200000,188.81,192.6,188.8,191.54,12928900
1528761600000,192.17,193.28,191.56,192.4,11562700
1528848000000,192.74,194.5,191.91,192.41,15853800
1528934400000,193.1,197.28,192.91,196.81,19120900
1529020800000,195.79,197.07,194.64,195.85,21860900
1529280000000,194.8,199.58,194.13,198.31,16826000
1529366400000,196.24,197.96,193.79,197.49,19994000
1529452800000,199.1,203.55,198.81,202.0,28230900
1529539200000,202.76,203.39,200.09,201.5,19045700
1529625600000,201.16,202.24,199.31,201.74,17420200
1529884800000,200.0,200.0,193.11,196.35,25275100
1529971200000,197.6,199.1,196.23,199.0,17897600
1530057600000,199.18,200.75,195.8,195.84,18734400
1530144000000,195.18,197.34,193.26,196.23,18172400
1530230400000,197.32,197.6,193.96,194.32,15811600
1530489600000,193.37,197.45,192.22,197.36,13961600
1530576000000,194.55,195.4,192.52,192.73,13489500
1530748800000,194.74,198.65,194.03,198.45,19684200
1530835200000,198.45,203.64,197.7,203.23,19740100
1531094400000,204.93,205.8,202.12,204.74,18149400
1531180800000,204.5,204.91,202.26,203.54,13190100
1531267200000,202.22,204.5,201.75,202.54,12927400
1531353600000,203.43,207.08,203.19,206.92,15454700
1531440000000,207.81,208.43,206.45,207.32,11486800
1531699200000,207.5,208.72,206.84,207.23,11078200
1531785600000,204.9,210.46,204.84,209.99,15349900
1531872000000,209.82,210.99,208.44,209.36,15334900
1531958400000,208.77,209.99,207.76,208.09,11350400
1532044800000,208.85,211.5,208.5,209.94,16163900
1532304000000,210.58,211.62,208.8,210.91,16732000
1532390400000,215.11,216.2,212.6,214.67,28468700
1532476800000,215.72,218.62,214.27,217.5,58954200
1532563200000,174.89,180.13,173.75,176.26,169803700
1532649600000,179.87,179.93,173.0,174.89,60073700
1532908800000,175.3,175.3,166.56,171.06,65280800
1532995200000,170.67,174.24,170.0,172.58,40356500
1533081600000,173.93,175.08,170.9,171.65,34042100
1533168000000,170.68,176.79,170.27,176.37,32400000
1533254400000,177.69,178.85,176.15,177.78,24763400
1533513600000,178.97,185.79,178.38,185.69,49716200
1533600000000,186.5,188.3,183.72,183.81,33398600
1533686400000,184.75,186.85,183.76,185.18,22205200
1533772800000,185.85,186.57,182.48,183.09,19696700
1533859200000,182.04,182.1,179.42,180.26,21500400
1534118400000,180.1,182.61,178.9,180.05,17369400
1534204800000,180.71,181.99,178.62,181.11,19102000
1534291200000,179.34,180.87,174.78,179.53,33020200
1534377600000,180.42,180.5,174.01,174.7,31351800
1534464000000,174.5,176.22,172.04,173.8,24893200
1534723200000,174.04,174.57,170.91,172.5,21518000
1534809600000,172.81,174.17,171.39,172.62,19578500
1534896000000,172.21,174.24,172.13,173.64,16894100
1534982400000,173.09,175.55,172.83,172.9,18053600
1535068800000,173.7,174.82,172.92,174.65,14631600
1535328000000,175.99,178.67,175.79,177.46,17921900
1535414400000,178.1,178.24,175.83,176.26,15910700
1535500800000,176.3,176.79,174.75,175.9,18494100
1535587200000,175.9,179.79,175.7,177.64,24216500
1535673600000,177.15,177.62,174.98,175.73,18065200
1536019200000,173.5,173.89,168.8,171.16,29809000
1536105600000,169.49,171.13,166.67,167.18,31226700
1536192000000,166.98,166.98,160.0,162.53,41514800
1536278400000,160.31,164.63,160.16,163.04,24300600
1536537600000,163.51,165.01,162.16,164.18,20197700
1536624000000,163.94,167.19,163.72,165.94,20457100
1536710400000,163.25,164.49,161.8,162.0,24078100
1536796800000,162.0,163.32,160.86,161.36,25453800
1536883200000,161.72,162.84,160.34,162.32,21770400
1537142400000,161.92,162.06,159.77,160.58,21005300
1537228800000,159.39,161.76,158.87,160.3,22465200
1537315200000,160.08,163.44,159.48,163.06,19629000
1537401600000,164.5,166.45,164.47,166.02,18824200
1537488000000,166.64,167.25,162.81,162.93,45994800
1537747200000,161.03,165.7,160.88,165.41,19222800
1537833600000,161.99,165.59,161.15,164.91,27622800
1537920000000,164.3,169.3,164.21,166.95,25252200
1538006400000,167.55,171.77,167.21,168.84,27266900
1538092800000,168.33,168.79,162.56,164.46,34265600
1538352000000,163.03,165.88,161.26,162.44,26407700
1538438400000,161.58,162.28,158.67,159.33,36031000
1538524800000,160.0,163.66,159.53,162.43,23109500
1538611200000,161.46,161.46,157.35,158.85,25739600
1538697600000,159.21,160.9,156.2,157.33,25744000
1538956800000,155.54,158.34,154.39,157.25,24046000
1539043200000,157.69,160.59,157.42,157.9,18844400
1539129600000,156.82,157.69,151.31,151.38,30610000
1539216000000,150.13,154.81,149.16,153.35,35338900
1539302400000,156.73,156.89,151.3,153.74,25293500
1539561600000,153.32,155.57,152.55,153.52,15433500
1539648000000,155.4,159.46,155.01,158.78,19180100
1539734400000,159.56,160.49,157.95,159.42,17592000
1539820800000,158.51,158.66,153.28,154.92,21675100
1539907200000,155.86,157.35,153.55,154.05,19761300
1540166400000,154.76,157.34,154.46,154.78,15424700
1540252800000,151.22,154.77,150.85,154.39,19095000
1540339200000,154.28,154.65,145.6,146.04,27744600
1540425600000,147.73,152.21,147.0,150.95,22105700
1540512000000,145.82,149.0,143.8,145.37,31303300
1540771200000,148.5,148.83,139.03,142.09,31336800
1540857600000,139.94,146.64,139.74,146.22,50528300
1540944000000,155.0,156.4,148.96,151.79,60101300
1541030400000,151.52,152.75,149.35,151.75,25640800
1541116800000,151.8,154.13,148.96,150.35,24708700
1541376000000,150.1,150.19,147.44,148.68,15971200
1541462400000,149.31,150.97,148.0,149.94,16667100
1541548800000,151.57,153.01,149.83,151.53,21877400
1541635200000,150.49,150.94,146.74,147.87,24145800
1541721600000,146.75,147.76,144.07,144.96,17326900
1541980800000,144.48,145.04,140.49,141.55,18542100
1542067200000,142.0,144.88,141.62,142.16,15141700
1542153600000,143.7,145.58,141.55,144.22,22068400
1542240000000,142.33,144.84,140.83,143.85,30320300
1542326400000,141.07,141.77,137.77,139.53,37250600
1542585600000,137.61,137.75,131.21,131.55,44362700
1542672000000,127.03,134.16,126.85,132.43,41939500
1542758400000,134.4,137.19,134.13,134.82,25469700
1542931200000,133.65,134.5,131.26,131.73,11886100
1543190400000,133.0,137.0,132.78,136.38,24263600
1543276800000,135.75,136.61,133.71,135.0,20750300
1543363200000,136.28,136.79,131.85,136.76,29847500
1543449600000,135.92,139.99,135.66,138.68,24238700
1543536000000,138.26,140.97,137.36,140.61,25732600
1543795200000,143.0,143.68,140.76,141.09,24819200
1543881600000,140.73,143.39,137.16,137.93,30307400
1544054400000,133.82,139.7,133.67,139.63,28218100
1544140800000,139.25,140.87,136.66,137.42,21195500
1544400000000,139.6,143.05,139.01,141.85,26422200
1544486400000,143.88,143.88,141.1,142.08,20300300
1544572800000,143.08,147.19,142.51,144.5,23696900
1544659200000,145.57,145.85,143.19,145.01,18148600
1544745600000,143.34,146.01,142.51,144.06,21785800
1545004800000,143.08,144.92,138.42,140.19,24334000
1545091200000,141.08,145.93,139.83,143.66,24709100
1545177600000,141.21,144.91,132.5,133.24,57404900
1545264000000,130.7,135.57,130.0,133.4,40297900
1545350400000,133.39,134.9,123.42,124.95,56901500
1545609600000,123.1,129.74,123.02,124.06,22066000
1545782400000,126.0,134.24,125.89,134.18,39723400
1545868800000,132.44,134.99,129.67,134.52,31202500
1545955200000,135.34,135.92,132.2,133.2,22627600
1546214400000,134.45,134.64,129.95,131.09,24625300
1546387200000,128.99,137.51,128.56,135.68,28146200
1546473600000,134.69,137.17,131.12,131.74,22717900
1546560000000,134.01,138.0,133.75,137.95,29002100
1546819200000,137.56,138.87,135.91,138.05,20089300
1546905600000,139.89,143.14,139.54,142.53,26263800
1546992000000,142.95,144.7,141.27,144.23,22205900
1547078400000,143.08,144.56,140.84,144.2,16125000
1547164800000,143.15,145.36,142.57,143.8,12908000
1547424000000,142.0,146.57,141.27,145.39,20520300
1547510400000,146.01,150.68,145.99,148.95,24069000
1547596800000,149.0,149.65,147.0,147.54,18025700
1547683200000,146.95,149.0,146.5,148.3,15787900
1547769600000,149.75,152.43,148.55,150.04,31029600
1548115200000,149.2,151.53,146.37,147.57,22378700
1548201600000,148.28,148.8,143.06,144.3,20098400
1548288000000,144.64,146.44,142.52,145.83,20955500
1548374400000,147.48,149.83,146.54,149.01,22237200
1548633600000,148.05,148.96,146.21,147.47,15508500
1548720000000,148.09,148.1,143.43,144.19,17632100
1548806400000,146.22,150.95,145.7,150.42,44613200
1548892800000,165.6,171.68,165.0,166.69,77233600
1548979200000,165.84,169.1,165.66,165.71,30806500
1549238400000,165.7,169.3,163.62,169.25,20036000
1549324800000,169.15,171.98,168.69,171.16,21729000
